-- phpMyAdmin SQL Dump
-- version 5.0.4
-- https://www.phpmyadmin.net/
--
-- Host: 127.0.0.1
-- Generation Time: Dec 05, 2020 at 05:43 AM
-- Server version: 10.4.16-MariaDB
-- PHP Version: 7.4.12

SET SQL_MODE = "NO_AUTO_VALUE_ON_ZERO";
START TRANSACTION;
SET time_zone = "+00:00";


/*!40101 SET @OLD_CHARACTER_SET_CLIENT=@@CHARACTER_SET_CLIENT */;
/*!40101 SET @OLD_CHARACTER_SET_RESULTS=@@CHARACTER_SET_RESULTS */;
/*!40101 SET @OLD_COLLATION_CONNECTION=@@COLLATION_CONNECTION */;
/*!40101 SET NAMES utf8mb4 */;

--
-- Database: `inventaris_sarpras`
--

-- --------------------------------------------------------

--
-- Table structure for table `barangs`
--

CREATE TABLE `barangs` (
  `id` bigint(20) UNSIGNED NOT NULL,
  `nama_barang` varchar(255) COLLATE utf8mb4_unicode_ci DEFAULT NULL,
  `spesifikasi` varchar(255) COLLATE utf8mb4_unicode_ci DEFAULT NULL,
  `jumlah` varchar(225) COLLATE utf8mb4_unicode_ci DEFAULT NULL,
  `baik` varchar(11) COLLATE utf8mb4_unicode_ci DEFAULT NULL,
  `rusak_ringan` varchar(11) COLLATE utf8mb4_unicode_ci DEFAULT NULL,
  `rusak_berat` varchar(11) COLLATE utf8mb4_unicode_ci DEFAULT NULL,
  `keterangan` text COLLATE utf8mb4_unicode_ci DEFAULT NULL,
  `id_ruang` bigint(20) NOT NULL,
  `created_at` timestamp NULL DEFAULT NULL,
  `updated_at` timestamp NULL DEFAULT NULL
) ENGINE=InnoDB DEFAULT CHARSET=utf8mb4 COLLATE=utf8mb4_unicode_ci;

--
-- Dumping data for table `barangs`
--

INSERT INTO `barangs` (`id`, `nama_barang`, `spesifikasi`, `jumlah`, `baik`, `rusak_ringan`, `rusak_berat`, `keterangan`, `id_ruang`, `created_at`, `updated_at`) VALUES
(5, 'Meja Guru', 'Kayu', '1', 'v', '-', '-', '-', 1, '2020-12-04 19:45:00', '2020-12-04 19:45:58'),
(6, 'Meja Siswa', 'Rangka Hollow', '20', '19', '1', '-', 'Laci Bolong 1', 1, '2020-12-04 19:46:52', '2020-12-04 19:46:52'),
(7, 'Bangku Guru', 'Rangka Hollow', '1', 'v', '-', '-', '-', 1, '2020-12-04 19:51:58', '2020-12-04 19:51:58'),
(8, 'Bangku Siswa', 'Rangka Besi', '40', 'v', '-', '-', '-', 1, '2020-12-04 19:52:41', '2020-12-04 19:52:41'),
(9, 'Papan Tulis', 'Melamin 12 mm', '2', 'v', '-', '-', '-', 1, '2020-12-04 19:53:29', '2020-12-04 19:53:29'),
(10, 'Layar Proyektor', 'Screen View', '1', 'v', '-', '-', '-', 1, '2020-12-04 19:54:28', '2020-12-04 19:54:28'),
(11, 'Kipas Angin', 'Regency', '2', 'v', '-', '-', '-', 1, '2020-12-04 19:55:01', '2020-12-04 19:55:01'),
(12, 'Lampu', 'Philips', '4', 'v', '-', '-', '-', 1, '2020-12-04 19:55:44', '2020-12-04 19:55:44'),
(13, 'Speaker', 'TOA', '1', 'v', '-', '-', '-', 1, '2020-12-04 19:58:58', '2020-12-04 19:58:58'),
(14, 'Swicher Wifi', 'Mikrotik', '1', 'v', '-', '-', '-', 1, '2020-12-04 19:59:46', '2020-12-04 19:59:46'),
(15, 'Jam Dinding', '-', '1', 'v', '-', '-', '-', 1, '2020-12-04 20:02:06', '2020-12-04 20:02:06'),
(16, 'Stop Kontak', 'Lub 6/2, 3/1, 2/1,1/2', '6', 'v', '-', '-', '-', 1, '2020-12-04 20:06:23', '2020-12-04 20:06:23'),
(17, 'Saklar lampu', 'Clipsal', '1', 'v', '-', '-', '-', 1, '2020-12-04 20:07:03', '2020-12-04 20:07:03'),
(18, 'Gambar Presiden/Wapres/Garuda', '-', '1', 'v', '-', '-', '1 Set', 1, '2020-12-04 20:08:31', '2020-12-04 20:08:31'),
(19, 'Hiasan Dinding', '-', '1', 'v', '-', '-', '-', 1, '2020-12-04 20:09:12', '2020-12-04 20:09:12'),
(20, 'Gorden', '-', '3', 'v', '-', '-', '-', 1, '2020-12-04 20:09:48', '2020-12-04 20:09:48'),
(21, 'Taplak Meja', 'Batik', '1', 'v', '-', '-', '-', 1, '2020-12-04 20:10:23', '2020-12-04 20:10:23'),
(22, 'Gantungan (capstok)', '-', '-', '-', '-', '-', '-', 1, '2020-12-04 20:11:00', '2020-12-04 20:21:38'),
(23, 'Jendela Sliding (aluminium)', '-', '5', 'v', '-', '-', '-', 1, '2020-12-04 20:12:43', '2020-12-04 20:12:43'),
(24, 'Pintu (Aluminium)', '-', '1', 'v', '-', '-', '-', 1, '2020-12-04 20:13:19', '2020-12-04 20:13:19'),
(25, 'Papan pengumuman (acrilic)', '-', '1', '-', 'v', '-', '(-)baut 2, dudukan 1', 1, '2020-12-04 20:14:08', '2020-12-04 20:14:08'),
(26, 'Papan Soft Skill (bingkai)', '-', '1', 'v', '-', '-', 'Gambar berbeda', 1, '2020-12-04 20:16:27', '2020-12-04 20:16:27'),
(27, 'Papan Etik (bingkai)', '-', '1', 'v', '-', '-', 'Print dalam lusuh', 1, '2020-12-04 20:17:47', '2020-12-04 20:17:47'),
(28, 'Stella semprot', '-', '1', 'v', '-', '-', '-', 1, '2020-12-04 20:18:24', '2020-12-04 20:18:24'),
(29, 'Sapu', '-', '3', '2', '-', '1', '-', 1, '2020-12-04 20:19:24', '2020-12-04 20:19:24'),
(30, 'Kain pel', '-', '1', '-', '-', '1', '-', 1, '2020-12-04 20:20:04', '2020-12-04 20:20:04'),
(31, 'Ember', '-', '-', '-', '-', '-', '-', 1, '2020-12-04 20:22:12', '2020-12-04 20:22:12'),
(32, 'Sapu lidi', '-', '1', NULL, '-', '-', '-', 1, '2020-12-04 20:22:55', '2020-12-04 20:22:55'),
(33, 'Tempat Sampah', '-', '1', 'v', '-', '-', '-', 1, '2020-12-04 20:23:35', '2020-12-04 20:23:35'),
(34, 'Ruang 1', '-', '-', '-', '-', '-', 'Tembok Bagian Belakang Hancur', 1, '2020-12-04 20:24:38', '2020-12-04 20:24:38'),
(35, 'Meja Guru', 'Kayu', '1', 'v', '-', '-', '-', 2, '2020-12-04 20:25:44', '2020-12-04 20:25:44'),
(36, 'Meja Siswa', 'Rangka Hollow', '20', 'v', '-', '-', '-', 2, '2020-12-04 20:26:00', '2020-12-04 20:29:37'),
(37, 'Bangku Guru', 'Rangka Besi', '1', 'v', '-', '-', '-', 2, '2020-12-04 20:27:00', '2020-12-04 20:27:00'),
(38, 'Bangku Siswa', 'Rangka Besi', '40', 'v', '-', '-', '-', 2, '2020-12-04 20:30:25', '2020-12-04 20:30:25'),
(39, 'Papan Tulis', 'Melamin', '2', 'v', '-', '-', '-', 2, '2020-12-04 20:36:27', '2020-12-04 20:36:27'),
(40, 'Layar Proyektor', 'Screen View', '1', 'v', '-', '-', '-', 2, '2020-12-04 20:37:00', '2020-12-04 20:37:29'),
(41, 'Kipas Angin', 'Regency', '2', 'v', '-', '-', '-', 2, '2020-12-04 20:38:12', '2020-12-04 20:38:12'),
(42, 'Lampu', 'Philips', '4', 'v', '-', '-', '-', 2, '2020-12-04 20:44:17', '2020-12-04 20:44:17'),
(43, 'Speaker', 'TOA', '1', 'v', '-', '-', '-', 2, '2020-12-04 20:44:44', '2020-12-04 20:44:44'),
(44, 'Swicher Wifi', 'Mikrotik', '1', 'v', '-', '-', '-', 2, '2020-12-04 20:45:19', '2020-12-04 20:45:19'),
(45, 'Jam Dinding', '-', '1', 'v', '-', '-', '-', 2, '2020-12-04 20:45:48', '2020-12-04 20:45:48'),
(46, 'Stop Kontak', 'Lub 6/2, 3/1, 2/1,1/2', '6', 'v', '-', '-', '-', 2, '2020-12-04 20:46:23', '2020-12-04 20:46:23'),
(47, 'Saklar lampu', 'Clipsal', '1', 'v', '-', '-', '-', 2, '2020-12-04 20:46:53', '2020-12-04 20:46:53'),
(48, 'Gambar Presiden/Wapres/Garuda', '-', '1 Set', 'v', '-', '-', '-', 2, '2020-12-04 20:48:13', '2020-12-04 20:48:13'),
(49, 'Hiasan Dinding', 'Karya Siswa', '1', 'v', '-', '-', '-', 2, '2020-12-04 20:48:49', '2020-12-04 20:48:49'),
(50, 'Gorden', '-', '1', 'v', '-', '-', 'Pengait besi tengah lepas', 2, '2020-12-04 20:49:35', '2020-12-04 20:49:35'),
(51, 'Taplak Meja', 'Motif', '1', 'v', '-', '-', '-', 2, '2020-12-04 20:50:15', '2020-12-04 20:50:15'),
(52, 'Jendela Sliding (aluminium)', '-', '5', 'v', '-', '-', '-', 2, '2020-12-04 20:51:23', '2020-12-04 20:51:23'),
(53, 'Pintu (Aluminium)', '-', '1', 'v', '-', '-', '-', 2, '2020-12-04 20:51:53', '2020-12-04 20:51:53'),
(54, 'Papan pengumuman (acrilic)', '-', '1', '-', 'v', '-', 'Baut -2', 2, '2020-12-04 20:53:02', '2020-12-04 20:53:02'),
(55, 'Bingkai Soft Skill', '-', '1', 'v', '-', '-', '-', 2, '2020-12-04 20:54:35', '2020-12-04 20:54:35'),
(56, 'Bingkai Etik', '-', '1', 'v', '-', '-', 'Sudah lusuh', 2, '2020-12-04 20:55:00', '2020-12-04 20:56:42'),
(57, 'Bingkai menaruh HP di CC', '-', '1', '-', 'v', '-', 'Kaca pecah', 2, '2020-12-04 20:57:25', '2020-12-04 20:57:25'),
(58, 'Sapu', '-', '2', 'v', '1', '-', '-', 2, '2020-12-04 20:58:00', '2020-12-04 20:58:00'),
(59, 'Kain pel', '-', '-', '-', '-', '-', '-', 2, '2020-12-04 20:58:34', '2020-12-04 20:58:34'),
(60, 'Ember', '-', '-', '-', '-', '-', '-', 2, '2020-12-04 20:59:11', '2020-12-04 20:59:11'),
(61, 'Pengki', '-', '1', 'v', '-', '-', '-', 2, '2020-12-04 20:59:53', '2020-12-04 20:59:53'),
(62, 'Tempat Sampah', '-', '1', 'v', '-', '-', '-', 2, '2020-12-04 21:00:16', '2020-12-04 21:00:16'),
(63, 'Meja Guru', 'Kayu', '1', 'v', '-', '-', '-', 3, '2020-12-04 21:07:51', '2020-12-04 21:07:51'),
(64, 'Meja Siswa', 'Rangka Hollow', '20', 'v', '-', '-', '-', 3, '2020-12-04 21:08:22', '2020-12-04 21:08:22'),
(65, 'Bangku Guru', 'Futura', '1', 'v', '-', '-', '-', 3, '2020-12-04 21:08:48', '2020-12-04 21:08:48'),
(66, 'Bangku Siswa', 'Rangka Besi', '39', 'v', '-', '-', '-', 3, '2020-12-04 21:09:21', '2020-12-04 21:09:21'),
(67, 'Papan Tulis', 'Melamin 12 mm', '2', 'v', '-', '-', '-', 3, '2020-12-04 21:10:06', '2020-12-04 21:10:06'),
(68, 'Layar Proyektor', 'Screen View', '1', 'v', '-', '-', '-', 3, '2020-12-04 21:10:41', '2020-12-04 21:10:41'),
(69, 'Kipas Angin', 'Regency', '2', 'v', '-', '-', '-', 3, '2020-12-04 21:11:15', '2020-12-04 21:11:15'),
(70, 'Lampu', 'Philips', '4', 'v', '-', '-', 'TL', 3, '2020-12-04 21:11:55', '2020-12-04 21:11:55'),
(71, 'Speaker', 'TOA', '1', 'v', '-', '-', '-', 3, '2020-12-04 21:12:34', '2020-12-04 21:12:34'),
(72, 'Swicher Wifi', 'Mikrotik', '1', 'v', '-', '-', '-', 3, '2020-12-04 21:12:59', '2020-12-04 21:12:59'),
(73, 'Jam Dinding', '-', '1', 'v', '-', '-', '-', 3, '2020-12-04 21:13:29', '2020-12-04 21:13:29'),
(74, 'Stop Kontak', 'Lub 6/2, 3/1, 2/1,1/3', '5', 'v', '-', '-', '-', 3, '2020-12-04 21:14:06', '2020-12-04 21:14:06'),
(75, 'Stop Kontak  ( T )', '-', '1', 'v', '-', '-', '-', 3, '2020-12-04 21:14:37', '2020-12-04 21:14:37'),
(76, 'Saklar lampu', '-', '1', 'v', '-', '-', '-', 3, '2020-12-04 21:15:04', '2020-12-04 21:15:04'),
(77, 'Gambar Presiden/Wapres/Garuda', '-', '1 Set', 'v', '-', '-', '-', 3, '2020-12-04 21:15:30', '2020-12-04 21:15:30'),
(78, 'Hiasan Dinding', 'Karya Siswa', '3', 'v', '-', '-', '-', 3, '2020-12-04 21:15:55', '2020-12-04 21:15:55'),
(79, 'Gorden', '-', '7', 'v', '-', '-', '-', 3, '2020-12-04 21:16:29', '2020-12-04 21:16:29'),
(80, 'Taplak Meja', '-', '-', '-', '-', '-', '-', 3, '2020-12-04 21:18:00', '2020-12-04 21:18:00'),
(81, 'Jendela Sliding (aluminium)', '-', '9', 'v', '-', '-', '-', 3, '2020-12-04 21:18:25', '2020-12-04 21:18:25'),
(82, 'Pintu (Aluminium)', '-', '1', 'v', '-', '-', '-', 3, '2020-12-04 21:18:54', '2020-12-04 21:18:54'),
(83, 'Papan pengumuman (acrilic)', '-', '1', '-', '-', 'v', 'baut -2/pecah, dudukan pecah bagian bawah', 3, '2020-12-04 21:19:45', '2020-12-04 21:19:45'),
(84, 'Papan Soft Skill (bingkai)', '-', '1', 'v', '-', '-', '-', 3, '2020-12-04 21:20:15', '2020-12-04 21:20:15'),
(85, 'Papan Etik (bingkai)', '-', '1', '-', 'v', '-', 'Pudar', 3, '2020-12-04 21:21:00', '2020-12-04 21:21:00'),
(86, 'Bingkai menaruh HP di CC', '-', '1', 'v', '-', '-', '-', 3, '2020-12-04 21:21:26', '2020-12-04 21:21:26'),
(87, 'Sapu', 'Ijuk', '1', 'v', '-', '-', '-', 3, '2020-12-04 21:22:00', '2020-12-04 21:22:00'),
(88, 'Kain pel', '-', '2', 'v', '-', '-', '-', 3, '2020-12-04 21:22:39', '2020-12-04 21:22:39'),
(89, 'Ember', '-', '-', '-', '-', '-', '-', 3, '2020-12-04 21:23:01', '2020-12-04 21:23:01'),
(90, 'Pengki', '-', '1', 'v', '-', '-', '-', 3, '2020-12-04 21:23:37', '2020-12-04 21:23:37'),
(91, 'Tempat Sampah', '-', '-', '-', '-', '-', '-', 3, '2020-12-04 21:24:06', '2020-12-04 21:24:06'),
(92, 'Stella semprot', '-', '1', 'v', '-', '-', '-', 3, '2020-12-04 21:24:39', '2020-12-04 21:24:39'),
(93, 'Meja Guru', 'Kayu', '1', 'v', '-', '-', '-', 4, '2020-12-04 21:26:35', '2020-12-04 21:26:35'),
(94, 'Meja Siswa', 'Rangka Hollow', '20', '19', 'v', '-', 'Laci Bolong 1', 4, '2020-12-04 21:27:17', '2020-12-04 21:27:17'),
(95, 'Bangku Guru', 'Rangka Hollow', '1', 'v', '-', '-', '-', 4, '2020-12-04 21:27:48', '2020-12-04 21:27:48'),
(96, 'Bangku Siswa', 'Rangka Besi', '38', 'v', '-', '-', '-', 4, '2020-12-04 21:28:21', '2020-12-04 21:28:21'),
(97, 'Papan Tulis', 'Melamin 12 mm', '2', 'v', '-', '-', '-', 4, '2020-12-04 21:28:55', '2020-12-04 21:28:55'),
(98, 'Layar Proyektor', 'Screen View', '1', 'v', '-', '-', '-', 4, '2020-12-04 21:29:25', '2020-12-04 21:29:25'),
(99, 'Kipas Angin', 'Regency', '2', '-', 'v', '-', 'Tarikan rusak', 4, '2020-12-04 21:30:06', '2020-12-04 21:30:06'),
(100, 'Lampu', 'Philips', '4', 'v', '-', '-', '-', 4, '2020-12-04 21:30:49', '2020-12-04 21:30:49'),
(101, 'Speaker', 'TOA', '1', 'v', '-', '-', '-', 4, '2020-12-04 21:31:16', '2020-12-04 21:31:16'),
(102, 'Swicher Wifi', 'Mikrotik', '1', 'v', '-', '-', '-', 4, '2020-12-04 21:31:41', '2020-12-04 21:31:41'),
(103, 'Jam Dinding', '-', '1', 'v', '-', '-', '-', 4, '2020-12-04 21:32:14', '2020-12-04 21:32:14'),
(104, 'Stop Kontak', 'Lub 6/2, 3/1, 2/1,1/2', '6', 'v', '-', '-', '-', 4, '2020-12-04 21:32:48', '2020-12-04 21:32:48'),
(105, 'Stop Kontak  ( T )', '-', '-', '-', '-', '-', '-', 4, '2020-12-04 21:33:19', '2020-12-04 21:33:19'),
(106, 'Saklar lampu', '-', '1', 'v', '-', '-', '-', 4, '2020-12-04 21:33:47', '2020-12-04 21:33:47'),
(107, 'Gambar Presiden/Wapres/Garuda', '-', '2', 'v', '-', '-', 'Wapres tidak ada', 4, '2020-12-04 21:34:33', '2020-12-04 21:34:33'),
(108, 'Hiasan Dinding', '-', '4', 'v', '-', '-', '-', 4, '2020-12-04 21:34:58', '2020-12-04 21:34:58'),
(109, 'Gorden', '-', '11', 'v', '-', '-', '-', 4, '2020-12-04 21:35:26', '2020-12-04 21:35:26'),
(110, 'Gantungan (capstok)', '-', '-', '-', '-', '-', '-', 4, '2020-12-04 21:35:57', '2020-12-04 21:35:57'),
(111, 'Jendela Sliding (aluminium)', '-', '9', 'v', '-', '-', '-', 4, '2020-12-04 21:36:47', '2020-12-04 21:36:47'),
(112, 'Pintu (Aluminium)', '-', '1', 'v', '-', '-', '-', 4, '2020-12-04 21:37:12', '2020-12-04 21:37:12'),
(113, 'Papan pengumuman (acrilic)', '-', '1', 'v', '-', '-', 'baut -2, kaca pecah', 4, '2020-12-04 21:38:03', '2020-12-04 21:38:03'),
(114, 'Papan Soft Skill (bingkai)', '-', '1', 'v', '-', '-', '-', 4, '2020-12-04 21:38:27', '2020-12-04 21:38:27'),
(115, 'Papan Etik (bingkai)', '-', '1', 'v', '-', '-', '-', 4, '2020-12-04 21:38:53', '2020-12-04 21:38:53'),
(116, 'Sapu', '-', '-', '-', '-', '-', '-', 4, '2020-12-04 21:39:24', '2020-12-04 21:39:24'),
(117, 'Kain pel', '-', '1', 'v', '-', '-', '-', 4, '2020-12-04 21:41:06', '2020-12-04 21:41:06'),
(118, 'Ember', '-', '-', '-', '-', '-', '-', 4, '2020-12-04 21:41:38', '2020-12-04 21:41:38'),
(119, 'Pengki', '-', '1', 'v', '-', '-', '-', 4, '2020-12-04 21:42:04', '2020-12-04 21:42:04'),
(120, 'Tempat Sampah', '-', '1', 'v', '-', '-', '-', 4, '2020-12-04 21:42:32', '2020-12-04 21:42:32'),
(121, 'Kemoceng', '-', '-', '-', '-', '-', '-', 4, '2020-12-04 21:42:57', '2020-12-04 21:42:57');
(122, 'Meja Guru', 'Kayu', '1', 'v', '-', '-', '-', 5, '2020-12-05 15:39:58', '2020-12-05 15:39:58');
(123, 'Meja Siswa', 'Rangka Hollow', '20', 'v', '-', '-', '-', 5, '2020-12-05 15:42:19', '2020-12-05 15:42:19');
(124, 'Bangku Guru', 'Futura', '1', 'v', '-', '-', '-', 5, '2020-12-05 15:43:04', '2020-12-05 15:43:04');
(125, 'Bangku Siswa', 'Rangka Besi', '38', 'v', '-', '-', '-', 5, '2020-12-05 15:43:50', '2020-12-05 15:43:50');
(126, 'Papan Tulis', 'Melamin 12 mm', '2', 'v', '-', '-', '-', 5, '2020-12-05 15:44:58', '2020-12-05 15:44:58');
(127, 'Layar Proyektor', 'Screen View', '1', 'v', '-', '-', '-', 5, '2020-12-05 15:45:55', '2020-12-05 15:45:55');
(128, 'Kipas Angin', 'Regency', '2', 'v', '-', '-', 'Tidak ada Tarikan', 5, '2020-12-05 15:46:58', '2020-12-05 15:46:58');
(129, 'Lampu', 'Philips', '4', 'v', '-', '-', 'T/L', 5, '2020-12-05 15:47:58', '2020-12-05 15:47:58');
(130, 'Speaker', 'TOA', '1', 'v', '-', '-', '-', 5, '2020-12-05 15:48:28', '2020-12-05 15:48:28');
(131, 'Swicher Wifi', 'Mikrotik', '1', 'v', '-', '-', '-', 5, '2020-12-05 15:49:58', '2020-12-05 15:49:58');
(132, 'Jam Dinding', '-', '1', '-', 'v', '-', 'Ganti Baterai', 5, '2020-12-05 15:51:48', '2020-12-05 15:51:48');
(133, 'Stop Kontak', 'Lubang 6/2, 3/1, 2/1, 1/2', '6', 'v', '-', '-', '-', 5, '2020-12-05 15:52:58', '2020-12-05 15:52:58');
(134, 'Taplak Meja', 'Batik', '1', 'v', '-', '-', '-', 5, '2020-12-05 15:54:39', '2020-12-05 15:54:39');
(135, 'Saklar Lampu', '-', '1', 'v', '-', '-', '-', 5, '2020-12-05 15:56:21', '2020-12-05 15:56:21');
(136, 'Gambar Pre/Wapres/Garuda', '-', '1 set', 'v', '-', '-', '-', 5, '2020-12-05 15:57:42', '2020-12-05 15:57:42');
(137, 'Hiasan Dinding', '-', '1', 'v', '-', '-', '-', 5, '2020-12-05 15:58:01', '2020-12-05 15:58:01');
(138, 'Gorden', '-', '3', 'v', '-', '-', '-', 5, '2020-12-05 16:00:05', '2020-12-05 16:00:05');
(139, 'Jendela Sliding (Alumunium)', '-', '5', 'v', '-', '-', '-', 5, '2020-12-05 16:01:48', '2020-12-05 16:01:48');
(140, 'Pintu (Alumunium)', '-', '1', '-', 'v', '-', 'Cantolan Gembok Rusak', 5, '2020-12-05 16:02:58', '2020-12-05 16:02:58');
(141, 'Papan Pengumuman (Acrilic)', '-', '1', 'v', '-', '-', 'Baut-2', 5, '2020-12-05 16:04:44', '2020-12-05 16:04:44');
(142, 'Papan Soft Skill (Bingkai)', '-', '1', 'v', '-', '-', '-', 5, '2020-12-05 16:05:28', '2020-12-05 16:05:28');
(143, 'Papan Etik (Bingkai)', '-', '1', 'v', '-', '-', '-', 5, '2020-12-05 16:05:58', '2020-12-05 16:05:58');
(144, 'Sapu', 'Ijuk', '2', 'v', '-', '-', '-', 5, '2020-12-05 16:07:34', '2020-12-05 16:07:34');
(145, 'Kain Pel', '-', '1', '-', '-', 'v', '-', 5, '2020-12-05 16:08:38', '2020-12-05 16:08:38');
(146, 'Ember', '-', '-', '-', '-', '-', '-', 5, '2020-12-05 16:09:26', '2020-12-05 16:09:26');
(147, 'Pengki', '-', '1', 'v', '-', '-', '-', 5, '2020-12-05 16:10:23', '2020-12-05 16:10:23');
(148, 'Tempat Sampah', '-', '1', 'v', '-', '-', '-', 5, '2020-12-05 16:10:38', '2020-12-05 16:10:38');
(149, 'Capstok', '-', '1', 'v', '-', '-', '-', 5, '2020-12-05 16:10:58', '2020-12-05 16:10:58');
(150, 'Meja Guru', 'Kayu', '1', 'v', '-', '-', '-', 6, '2020-12-05 16:14:18', '2020-12-05 16:14:18');
(151, 'Meja Siswa', 'Rangka Hollow', '20', 'v', '-', '-', 'Laci Bolong 1', 6, '2020-12-05 16:14:29', '2020-12-05 16:14:29');
(152, 'Bangku Guru', 'Rangka Besi', '1', 'v', '-', '-', '-', 6, '2020-12-05 16:14:44', '2020-12-05 16:14:44');
(153, 'Bangku Siswa', 'Rangka Besi', '40', 'v', '-', '-', '-', 6, '2020-12-05 16:14:50', '2020-12-05 16:14:50');
(154, 'Papan Tulis', 'Melamin 12 mm', '2', 'v', '-', '-', '-', 6, '2020-12-05 16:15:18', '2020-12-05 16:15:18');
(155, 'Layar Proyektor', 'Screen View', '1', 'v', '-', '-', '-', 6, '2020-12-05 16:15:32', '2020-12-05 16:15:32');
(156, 'Kipas Angin', 'Regency', '2', 'v', '-', '-', 'Tidak ada Tarikan', 6, '2020-12-05 16:15:58', '2020-12-05 16:15:58');
(157, 'Lampu', 'Philips', '4', 'v', '-', '-', 'T/L', 6, '2020-12-05 16:16:18', '2020-12-05 16:16:18');
(158, 'Speaker', 'TOA', '1', 'v', '-', '-', '-', 6, '2020-12-05 16:16:28', '2020-12-05 16:16:28');
(159, 'Swicher Wifi', 'Mikrotik', '1', 'v', '-', '-', '-', 6, '2020-12-05 16:16:58', '2020-12-05 16:16:58');
(160, 'Jam Dinding', '-', '1', '-', 'v', '-', 'Bateray', 6, '2020-12-05 16:17:08', '2020-12-05 16:17:08');
(161, 'Stop Kontak', 'Lubang 6/2, 3/1, 2/1, 1/2', '6', 'v', '-', '-', '-', 6, '2020-12-05 16:17:18', '2020-12-05 16:17:18');
(162, 'Taplak Meja', 'Batik', '1', 'v', '-', '-', '-', 6, '2020-12-05 16:17:39', '2020-12-05 16:17:39');
(163, 'Saklar Lampu', '-', '1', 'v', '-', '-', '-', 6, '2020-12-05 16:17:51', '2020-12-05 16:17:51');
(164, 'Gambar Pre/Wapres/Garuda', '-', '1 set', 'v', '-', '-', '-', 6, '2020-12-05 16:18:12', '2020-12-05 16:18:12');
(165, 'Hiasan Dinding', 'Karya Siswa', '3', 'v', '-', '-', '-', 6, '2020-12-05 16:18:21', '2020-12-05 16:18:21');
(166, 'Gorden', '-', '3', 'v', '-', '-', '-', 6, '2020-12-05 16:18:35', '2020-12-05 16:18:35');
(167, 'Gantungan (Capstok)', '-', '-', '-', '-', '-', '-', 6, '2020-12-05 16:18:48', '2020-12-05 16:18:48');
(168, 'Jendela Sliding (Alumunium)', '-', '5', '-', 'v', '-', '-', 6, '2020-12-05 16:18:58', '2020-12-05 16:18:58');
(169, 'Pintu (Alumunium)', '-', '1', 'v', '-', '-', '-', 6, '2020-12-05 16:19:14', '2020-12-05 16:19:14');
(170, 'Papan Pengumuman (Acrilick)', '-', '1', '-', 'v', '-', 'Baut -2', 6, '2020-12-05 16:19:28', '2020-12-05 16:19:28');
(171, 'Papan Soft Skill (Bingkai)', '-', '1', 'v', '-', '-', '-', 6, '2020-12-05 16:19:48', '2020-12-05 16:19:48');
(172, 'Papan Etik (Bingkai)', '-', '1', '-', '-', '-', '-', 6, '2020-12-05 16:19:57', '2020-12-05 16:19:57');
(173, 'Sapu', '-', '2', 'v', '-', '-', '-', 6, '2020-12-05 16:20:01', '2020-12-05 16:20:01');
(173, 'Kain Pel', '-', '1', 'v', '-', '-', '-', 6, '2020-12-05 16:20:09', '2020-12-05 16:20:09');
(174, 'Ember', '-', '-', '-', '-', '-', '-', 6, '2020-12-05 16:20:26', '2020-12-05 16:20:26');
(175, 'Pengki', '-', '1', 'v', '-', '-', '-', 6, '2020-12-05 16:20:33', '2020-12-05 16:20:33');
(176, 'Tempat Sampah', '-', '-', '-', '-', '-', '-', 6, '2020-12-05 16:20:48', '2020-12-05 16:20:48');
(177, 'Kemoceng', '-', '-', '-', '-', '-', '-', 6, '2020-12-05 16:20:58', '2020-12-05 16:20:58');
(178, 'Meja Guru', 'Kayu', '1', 'v', '-', '-', '-', 7, '2020-12-05 16:22:18', '2020-12-05 16:22:18');
(179, 'Meja Siswa', 'Kayu', '20', 'v', '-', '-', '-', 7, '2020-12-05 16:22:39', '2020-12-05 16:22:39');
(180, 'Bangku Guru', 'futura', '1', 'v', '-', '-', '-', 7, '2020-12-05 16:22:44', '2020-12-05 16:22:44');
(181, 'Bangku Siswa', 'Rangka Besi', '40', 'v', '-', '-', '-', 7, '2020-12-05 16:22:53', '2020-12-05 16:22:53');
(182, 'Papan Tulis', 'Melamin 12 mm', '2', 'v', '-', '-', '-', 7, '2020-12-05 16:23:18', '2020-12-05 16:23:18');
(183, 'Layar Proyektor', 'HQ', '1', 'v', '-', '-', '-', 7, '2020-12-05 16:23:32', '2020-12-05 16:23:32');
(184, 'AC', 'Panasonic 1,5 PK', '2', 'v', '-', '-', '-', 7, '2020-12-05 16:23:58', '2020-12-05 16:23:58');
(185, 'Lampu', 'Philips', '4', 'v', '-', '-', '-', 7, '2020-12-05 16:24:18', '2020-12-05 16:24:18');
(186, 'Speaker', 'TOA', '1', 'v', '-', '-', '-', 7, '2020-12-05 16:25:28', '2020-12-05 16:25:28');
(187, 'Swicher Wifi', 'Mikrotik', '1', 'v', '-', '-', '-', 7, '2020-12-05 16:25:48', '2020-12-05 16:25:48');
(188, 'Jam Dinding', '-', '1', 'v', '-', '-', '-', 7, '2020-12-05 16:26:08', '2020-12-05 16:26:08');
(189, 'Stop Kontak', 'LB 3/20, 2/3, 1/3', '26', 'v', '-', '-', '-', 7, '2020-12-05 16:26:18', '2020-12-05 16:26:18');
(190, 'Stop Kontak (T)', '-', '-', '-', '-', '-', '-', 7, '2020-12-05 16:26:39', '2020-12-05 16:26:39');
(191, 'Saklar Lampu', '-', '1', 'v', '-', '-', '-', 7, '2020-12-05 16:26:51', '2020-12-05 16:26:51');
(192, 'Gambar Pre/Wapres/Garuda', '-', '1 set', 'v', '-', '-', '-', 7, '2020-12-05 16:27:12', '2020-12-05 16:27:12');
(193, 'Hiasan Dinding', 'Pahlawan Hiasan', '2', 'v', '-', '-', '-', 7, '2020-12-05 16:27:21', '2020-12-05 16:27:21');
(194, 'Gorden', '-', '8', 'v', '-', '-', '-', 7, '2020-12-05 16:27:35', '2020-12-05 16:27:35');
(195, 'Taplak Meja', 'Batik', '1', 'v', '-', '-', '-', 7, '2020-12-05 16:27:40', '2020-12-05 16:27:40');
(196, 'Gantungan (Capstok)', '-', '1', '-', '-', '-', '-', 7, '2020-12-05 16:27:48', '2020-12-05 16:27:48');
(197, 'Jendela Sliding (Alumunium)', '-', '3', 'v', '-', '-', '-', 7, '2020-12-05 16:27:58', '2020-12-05 16:27:58');
(198, 'Pintu (Alumunium)', '-', '1', 'v', '-', '-', '2 daun pintu', 7, '2020-12-05 16:28:14', '2020-12-05 16:28:14');
(199, 'Papan Pengumuman (Acrilick)', '-', '1', '-', 'v', '-', 'Baut -2', 7, '2020-12-05 16:28:28', '2020-12-05 16:28:28');
(200, 'Papan Soft Skill (Bingkai)', '-', '1', 'v', '-', '-', '-', 7, '2020-12-05 16:28:48', '2020-12-05 16:28:48');
(201, 'Papan Etik (Bingkai)', '-', '1', 'v', '-', '-', '-', 7, '2020-12-05 16:28:57', '2020-12-05 16:28:57');
(202, 'Sapu', '-', '4', 'v', '-', '-', '-', 7, '2020-12-05 16:29:01', '2020-12-05 16:29:01');
(203, 'Kain Pel', '-', '1', '-', '-', '-', '-', 7, '2020-12-05 16:29:09', '2020-12-05 16:29:09');
(204, 'Ember', '-', '-', '-', '-', '-', '-', 7, '2020-12-05 16:29:26', '2020-12-05 16:29:26');
(205, 'Pengki', '-', '1', '-', '-', '-', '-', 7, '2020-12-05 16:29:33', '2020-12-05 16:29:33');
(206, 'Tempat Sampah', '-', '1', '-', '-', '-', '-', 7, '2020-12-05 16:29:48', '2020-12-05 16:29:48');
(207, 'Kemoceng', '-', '-', '-', '-', '-', '-', 7, '2020-12-05 16:29:58', '2020-12-05 16:29:58');
(208, 'Meja Guru', 'Kayu', '1', 'v', '-', '-', '-', 8, '2020-12-05 16:30:18', '2020-12-05 16:30:18');
(209, 'Meja Siswa', 'Kayu', '20', 'v', '-', '-', '-', 8, '2020-12-05 16:30:39', '2020-12-05 16:30:39');
(300, 'Bangku Guru', 'futura', '1', 'v', '-', '-', '-', 8, '2020-12-05 16:30:44', '2020-12-05 16:30:44');
(301, 'Bangku Siswa', 'Rangka Besi', '40', 'v', '-', '-', '-', 8, '2020-12-05 16:30:53', '2020-12-05 16:30:53');
(302, 'Papan Tulis', 'Melamin 12 mm', '2', 'v', '-', '-', '-', 8, '2020-12-05 16:31:18', '2020-12-05 16:31:18');
(303, 'Layar Proyektor', 'HQ', '1', 'v', '-', '-', '-', 8, '2020-12-05 16:31:32', '2020-12-05 16:31:32');
(304, 'Kipas Angin', 'Regency', '2', 'v', '-', '-', '-', 8, '2020-12-05 16:31:58', '2020-12-05 16:31:58');
(305, 'Lampu', 'Philips', '4', 'v', '-', '-', '-', 8, '2020-12-05 16:32:18', '2020-12-05 16:32:18');
(306, 'Speaker', 'TOA', '1', 'v', '-', '-', '-', 8, '2020-12-05 16:32:28', '2020-12-05 16:32:28');
(307, 'Swicher Wifi', 'Mikrotik', '1', 'v', '-', '-', '-', 8, '2020-12-05 16:32:48', '2020-12-05 16:32:48');
(308, 'Jam Dinding', '-', '1', 'v', '-', '-', '-', 8, '2020-12-05 16:33:08', '2020-12-05 16:33:08');
(309, 'Stop Kontak', 'Lubang 6/2, 2/3, 1/2', '7', 'v', '-', '-', '-', 8, '2020-12-05 16:33:18', '2020-12-05 16:33:18');
(310, 'Stop Kontak (T)', '-', '1', 'v', '-', '-', '-', 8, '2020-12-05 16:33:39', '2020-12-05 16:33:39');
(311, 'Saklar Lampu', '-', '1', 'v', '-', '-', '-', 8, '2020-12-05 16:33:51', '2020-12-05 16:33:51');
(312, 'Gambar Pre/Wapres/Garuda', '-', '1 set', 'v', '-', '-', 'Wakil Tidak Ada', 8, '2020-12-05 16:34:12', '2020-12-05 16:34:12');
(313, 'Kalender', '-', '1', 'v', '-', '-', '-', 8, '2020-12-05 16:34:21', '2020-12-05 16:34:21');
(314, 'Bingkai Menaruh HP di CC', '-', '1', 'v', '-', '-', '-', 8, '2020-12-05 16:34:35', '2020-12-05 16:34:35');
(315, 'Gorden', '-', '12', 'v', '-', '-', '-', 8, '2020-12-05 16:34:35', '2020-12-05 16:34:35');
(316, 'Taplak Meja', '-', '-', '-', '-', '-', '-', 8, '2020-12-05 16:34:40', '2020-12-05 16:34:40');
(317, 'Gantungan (Capstok)', '-', '1', 'v', '-', '-', '-', 8, '2020-12-05 16:34:48', '2020-12-05 16:34:48');
(318, 'Jendela Sliding (Alumunium)', '-', '3', 'v', '-', '-', '-', 8, '2020-12-05 16:34:58', '2020-12-05 16:34:58');
(319, 'Pintu (Alumunium)', '-', '1', 'v', '-', '-', '2 daun pintu', 8, '2020-12-05 16:35:14', '2020-12-05 16:35:14');
(320, 'Papan Pengumuman (Acrilick)', '-', '1', 'v', '-', '-', '-', 8, '2020-12-05 16:35:28', '2020-12-05 16:35:28');
(321, 'Papan Soft Skill (Bingkai)', '-', '1', 'v', '-', '-', '-', 8, '2020-12-05 16:35:48', '2020-12-05 16:35:48');
(322, 'Papan Etik (Bingkai)', '-', '1', 'v', '-', '-', '-', 8, '2020-12-05 16:35:57', '2020-12-05 16:35:57');
(323, 'Sapu', '-', '2', 'v', '-', '-', '-', 8, '2020-12-05 16:36:01', '2020-12-05 16:36:01');
(324, 'Kain Pel', '-', '1', 'v', '-', '-', '-', 8, '2020-12-05 16:36:09', '2020-12-05 16:36:09');
(325, 'Ember', '-', '-', '-', '-', '-', '-', 8, '2020-12-05 16:36:26', '2020-12-05 16:36:26');
(326, 'Pengki', '-', '-', '-', '-', '-', '-', 8, '2020-12-05 16:36:33', '2020-12-05 16:36:33');
(327, 'Tempat Sampah', '-', '-', '-', '-', '-', '-', 8, '2020-12-05 16:36:48', '2020-12-05 16:36:48');
(328, 'Kemoceng', '-', '-', '-', '-', '-', '-', 8, '2020-12-05 16:36:58', '2020-12-05 16:36:58');
(329, 'Meja Guru', 'Kayu', '1', 'v', '-', '-', '-', 9, '2020-12-05 16:37:18', '2020-12-05 16:37:18');
(330, 'Meja Siswa', 'Rangka Hollow', '20', 'v', '-', '-', '-', 9, '2020-12-05 16:37:39', '2020-12-05 16:37:39');
(331, 'Bangku Guru', 'futura', '1', 'v', '-', '-', '-', 9, '2020-12-05 16:37:44', '2020-12-05 16:37:44');
(332, 'Bangku Siswa', 'Rangka Besi/kayu', '40', 'v', '-', '-', '-', 9, '2020-12-05 16:37:53', '2020-12-05 16:37:53');
(333, 'Papan Tulis', 'Melamin 12 mm', '2', 'v', '-', '-', '-', 9, '2020-12-05 16:38:18', '2020-12-05 16:38:18');
(334, 'Kipas Angin', 'Regency', '2', 'v', '-', '-', '-', 9, '2020-12-05 16:38:58', '2020-12-05 16:38:58');
(335, 'Lampu', 'Philips', '4', 'v', '-', '-', '-', 9, '2020-12-05 16:39:18', '2020-12-05 16:39:18');
(336, 'Speaker', 'TOA', '1', 'v', '-', '-', '-', 9, '2020-12-05 16:39:28', '2020-12-05 16:39:28');
(337, 'Swicher Wifi', 'Mikrotik', '1', 'v', '-', '-', '-', 9, '2020-12-05 16:39:48', '2020-12-05 16:39:48');
(338, 'Jam Dinding', '-', '1', 'v', '-', '-', '-', 9, '2020-12-05 16:40:08', '2020-12-05 16:40:08');
(339, 'Stop Kontak', 'LB 3/1, 1/1, 6/2, 2/1', '5', 'v', '-', '-', '-', 9, '2020-12-05 16:40:18', '2020-12-05 16:40:18');
(340, 'Stop Kontak (T)', '-', '1', 'v', '-', '-', '-', 9, '2020-12-05 16:40:39', '2020-12-05 16:40:39');
(341, 'Saklar Lampu', '-', '1', 'v', '-', '-', '-', 9, '2020-12-05 16:40:51', '2020-12-05 16:40:51');
(342, 'Gambar Pre/Wapres/Garuda', '-', '1 set', 'v', '-', '-', 'Wakil Tidak Ada', 9, '2020-12-05 16:41:12', '2020-12-05 16:41:12');
(343, 'Hiasan Dinding', 'Juara Lomba Padus', '1', 'v', '-', '-', '-', 9, '2020-12-05 16:41:21', '2020-12-05 16:41:21');
(344, 'Gorden', '-', '3', 'v', '-', '-', '-', 9, '2020-12-05 16:41:37', '2020-12-05 16:41:37');
(345, 'Taplak Meja', 'Batik', '1', 'v', '-', '-', '-', 9, '2020-12-05 16:41:40', '2020-12-05 16:41:40');
(346, 'Jendela Sliding (Alumunium)', '-', '5', 'v', '-', '-', '-', 9, '2020-12-05 16:41:58', '2020-12-05 16:41:58');
(347, 'Pintu (Alumunium)', '-', '1', 'v', '-', '-', '-', 9, '2020-12-05 16:42:14', '2020-12-05 16:42:14');
(348, 'Papan Pengumuman (Acrilick)', '-', '-', '-', '-', '-', 'tidak ada', 9, '2020-12-05 16:42:28', '2020-12-05 16:42:28');
(349, 'Papan Soft Skill (Bingkai)', '-', '1', 'v', '-', '-', '-', 9, '2020-12-05 16:42:48', '2020-12-05 16:42:48');
(350, 'Papan Menaruh HP (Bingkai)', '-', '1', 'v', '-', '-', '-', 9, '2020-12-05 16:42:57', '2020-12-05 16:42:57');
(351, 'Sapu', 'Ijuk', '4', 'v', '-', '-', '-', 9, '2020-12-05 16:43:01', '2020-12-05 16:43:01');
(352, 'Kain Pel', '-', '2', 'v', '-', '-', '-', 9, '2020-12-05 16:43:09', '2020-12-05 16:43:09');
(353, 'Ember', '-', '-', '-', '-', '-', '-', 9, '2020-12-05 16:43:26', '2020-12-05 16:43:26');
(354, 'Pengki', '-', '1', 'v', '-', '-', '-', 9, '2020-12-05 16:43:33', '2020-12-05 16:43:33');
(355, 'Tempat Sampah', '-', '1', 'v', '-', '-', '-', 9, '2020-12-05 16:43:48', '2020-12-05 16:43:48');
(356, 'Kemoceng', '-', '-', '-', '-', '-', '-', 9, '2020-12-05 16:43:58', '2020-12-05 16:43:58');



-- --------------------------------------------------------

--
-- Table structure for table `categories`
--

CREATE TABLE `categories` (
  `id` int(10) UNSIGNED NOT NULL,
  `parent_id` int(10) UNSIGNED DEFAULT NULL,
  `order` int(11) NOT NULL DEFAULT 1,
  `name` varchar(255) COLLATE utf8mb4_unicode_ci NOT NULL,
  `slug` varchar(255) COLLATE utf8mb4_unicode_ci NOT NULL,
  `created_at` timestamp NULL DEFAULT NULL,
  `updated_at` timestamp NULL DEFAULT NULL
) ENGINE=InnoDB DEFAULT CHARSET=utf8mb4 COLLATE=utf8mb4_unicode_ci;

--
-- Dumping data for table `categories`
--

INSERT INTO `categories` (`id`, `parent_id`, `order`, `name`, `slug`, `created_at`, `updated_at`) VALUES
(1, NULL, 1, 'Category 1', 'category-1', '2020-11-14 01:30:08', '2020-11-14 01:30:08'),
(2, NULL, 1, 'Category 2', 'category-2', '2020-11-14 01:30:08', '2020-11-14 01:30:08');

-- --------------------------------------------------------

--
-- Table structure for table `data_rows`
--

CREATE TABLE `data_rows` (
  `id` int(10) UNSIGNED NOT NULL,
  `data_type_id` int(10) UNSIGNED NOT NULL,
  `field` varchar(255) COLLATE utf8mb4_unicode_ci NOT NULL,
  `type` varchar(255) COLLATE utf8mb4_unicode_ci NOT NULL,
  `display_name` varchar(255) COLLATE utf8mb4_unicode_ci NOT NULL,
  `required` tinyint(1) NOT NULL DEFAULT 0,
  `browse` tinyint(1) NOT NULL DEFAULT 1,
  `read` tinyint(1) NOT NULL DEFAULT 1,
  `edit` tinyint(1) NOT NULL DEFAULT 1,
  `add` tinyint(1) NOT NULL DEFAULT 1,
  `delete` tinyint(1) NOT NULL DEFAULT 1,
  `details` text COLLATE utf8mb4_unicode_ci DEFAULT NULL,
  `order` int(11) NOT NULL DEFAULT 1
) ENGINE=InnoDB DEFAULT CHARSET=utf8mb4 COLLATE=utf8mb4_unicode_ci;

--
-- Dumping data for table `data_rows`
--

INSERT INTO `data_rows` (`id`, `data_type_id`, `field`, `type`, `display_name`, `required`, `browse`, `read`, `edit`, `add`, `delete`, `details`, `order`) VALUES
(1, 1, 'id', 'number', 'ID', 1, 0, 0, 0, 0, 0, NULL, 1),
(2, 1, 'name', 'text', 'Name', 1, 1, 1, 1, 1, 1, NULL, 2),
(3, 1, 'email', 'text', 'Email', 1, 1, 1, 1, 1, 1, NULL, 3),
(4, 1, 'password', 'password', 'Password', 1, 0, 0, 1, 1, 0, NULL, 4),
(5, 1, 'remember_token', 'text', 'Remember Token', 0, 0, 0, 0, 0, 0, NULL, 5),
(6, 1, 'created_at', 'timestamp', 'Created At', 0, 1, 1, 0, 0, 0, NULL, 6),
(7, 1, 'updated_at', 'timestamp', 'Updated At', 0, 0, 0, 0, 0, 0, NULL, 7),
(8, 1, 'avatar', 'image', 'Avatar', 0, 1, 1, 1, 1, 1, NULL, 8),
(9, 1, 'user_belongsto_role_relationship', 'relationship', 'Role', 0, 1, 1, 1, 1, 0, '{\"model\":\"TCG\\\\Voyager\\\\Models\\\\Role\",\"table\":\"roles\",\"type\":\"belongsTo\",\"column\":\"role_id\",\"key\":\"id\",\"label\":\"display_name\",\"pivot_table\":\"roles\",\"pivot\":0}', 10),
(10, 1, 'user_belongstomany_role_relationship', 'relationship', 'Roles', 0, 1, 1, 1, 1, 0, '{\"model\":\"TCG\\\\Voyager\\\\Models\\\\Role\",\"table\":\"roles\",\"type\":\"belongsToMany\",\"column\":\"id\",\"key\":\"id\",\"label\":\"display_name\",\"pivot_table\":\"user_roles\",\"pivot\":\"1\",\"taggable\":\"0\"}', 11),
(11, 1, 'settings', 'hidden', 'Settings', 0, 0, 0, 0, 0, 0, NULL, 12),
(12, 2, 'id', 'number', 'ID', 1, 0, 0, 0, 0, 0, NULL, 1),
(13, 2, 'name', 'text', 'Name', 1, 1, 1, 1, 1, 1, NULL, 2),
(14, 2, 'created_at', 'timestamp', 'Created At', 0, 0, 0, 0, 0, 0, NULL, 3),
(15, 2, 'updated_at', 'timestamp', 'Updated At', 0, 0, 0, 0, 0, 0, NULL, 4),
(16, 3, 'id', 'number', 'ID', 1, 0, 0, 0, 0, 0, NULL, 1),
(17, 3, 'name', 'text', 'Name', 1, 1, 1, 1, 1, 1, NULL, 2),
(18, 3, 'created_at', 'timestamp', 'Created At', 0, 0, 0, 0, 0, 0, NULL, 3),
(19, 3, 'updated_at', 'timestamp', 'Updated At', 0, 0, 0, 0, 0, 0, NULL, 4),
(20, 3, 'display_name', 'text', 'Display Name', 1, 1, 1, 1, 1, 1, NULL, 5),
(21, 1, 'role_id', 'text', 'Role', 1, 1, 1, 1, 1, 1, NULL, 9),
(22, 4, 'id', 'number', 'ID', 1, 0, 0, 0, 0, 0, NULL, 1),
(23, 4, 'parent_id', 'select_dropdown', 'Parent', 0, 0, 1, 1, 1, 1, '{\"default\":\"\",\"null\":\"\",\"options\":{\"\":\"-- None --\"},\"relationship\":{\"key\":\"id\",\"label\":\"name\"}}', 2),
(24, 4, 'order', 'text', 'Order', 1, 1, 1, 1, 1, 1, '{\"default\":1}', 3),
(25, 4, 'name', 'text', 'Name', 1, 1, 1, 1, 1, 1, NULL, 4),
(26, 4, 'slug', 'text', 'Slug', 1, 1, 1, 1, 1, 1, '{\"slugify\":{\"origin\":\"name\"}}', 5),
(27, 4, 'created_at', 'timestamp', 'Created At', 0, 0, 1, 0, 0, 0, NULL, 6),
(28, 4, 'updated_at', 'timestamp', 'Updated At', 0, 0, 0, 0, 0, 0, NULL, 7),
(29, 5, 'id', 'number', 'ID', 1, 0, 0, 0, 0, 0, NULL, 1),
(30, 5, 'author_id', 'text', 'Author', 1, 0, 1, 1, 0, 1, NULL, 2),
(31, 5, 'category_id', 'text', 'Category', 1, 0, 1, 1, 1, 0, NULL, 3),
(32, 5, 'title', 'text', 'Title', 1, 1, 1, 1, 1, 1, NULL, 4),
(33, 5, 'excerpt', 'text_area', 'Excerpt', 1, 0, 1, 1, 1, 1, NULL, 5),
(34, 5, 'body', 'rich_text_box', 'Body', 1, 0, 1, 1, 1, 1, NULL, 6),
(35, 5, 'image', 'image', 'Post Image', 0, 1, 1, 1, 1, 1, '{\"resize\":{\"width\":\"1000\",\"height\":\"null\"},\"quality\":\"70%\",\"upsize\":true,\"thumbnails\":[{\"name\":\"medium\",\"scale\":\"50%\"},{\"name\":\"small\",\"scale\":\"25%\"},{\"name\":\"cropped\",\"crop\":{\"width\":\"300\",\"height\":\"250\"}}]}', 7),
(36, 5, 'slug', 'text', 'Slug', 1, 0, 1, 1, 1, 1, '{\"slugify\":{\"origin\":\"title\",\"forceUpdate\":true},\"validation\":{\"rule\":\"unique:posts,slug\"}}', 8),
(37, 5, 'meta_description', 'text_area', 'Meta Description', 1, 0, 1, 1, 1, 1, NULL, 9),
(38, 5, 'meta_keywords', 'text_area', 'Meta Keywords', 1, 0, 1, 1, 1, 1, NULL, 10),
(39, 5, 'status', 'select_dropdown', 'Status', 1, 1, 1, 1, 1, 1, '{\"default\":\"DRAFT\",\"options\":{\"PUBLISHED\":\"published\",\"DRAFT\":\"draft\",\"PENDING\":\"pending\"}}', 11),
(40, 5, 'created_at', 'timestamp', 'Created At', 0, 1, 1, 0, 0, 0, NULL, 12),
(41, 5, 'updated_at', 'timestamp', 'Updated At', 0, 0, 0, 0, 0, 0, NULL, 13),
(42, 5, 'seo_title', 'text', 'SEO Title', 0, 1, 1, 1, 1, 1, NULL, 14),
(43, 5, 'featured', 'checkbox', 'Featured', 1, 1, 1, 1, 1, 1, NULL, 15),
(44, 6, 'id', 'number', 'ID', 1, 0, 0, 0, 0, 0, NULL, 1),
(45, 6, 'author_id', 'text', 'Author', 1, 0, 0, 0, 0, 0, NULL, 2),
(46, 6, 'title', 'text', 'Title', 1, 1, 1, 1, 1, 1, NULL, 3),
(47, 6, 'excerpt', 'text_area', 'Excerpt', 1, 0, 1, 1, 1, 1, NULL, 4),
(48, 6, 'body', 'rich_text_box', 'Body', 1, 0, 1, 1, 1, 1, NULL, 5),
(49, 6, 'slug', 'text', 'Slug', 1, 0, 1, 1, 1, 1, '{\"slugify\":{\"origin\":\"title\"},\"validation\":{\"rule\":\"unique:pages,slug\"}}', 6),
(50, 6, 'meta_description', 'text', 'Meta Description', 1, 0, 1, 1, 1, 1, NULL, 7),
(51, 6, 'meta_keywords', 'text', 'Meta Keywords', 1, 0, 1, 1, 1, 1, NULL, 8),
(52, 6, 'status', 'select_dropdown', 'Status', 1, 1, 1, 1, 1, 1, '{\"default\":\"INACTIVE\",\"options\":{\"INACTIVE\":\"INACTIVE\",\"ACTIVE\":\"ACTIVE\"}}', 9),
(53, 6, 'created_at', 'timestamp', 'Created At', 1, 1, 1, 0, 0, 0, NULL, 10),
(54, 6, 'updated_at', 'timestamp', 'Updated At', 1, 0, 0, 0, 0, 0, NULL, 11),
(55, 6, 'image', 'image', 'Page Image', 0, 1, 1, 1, 1, 1, NULL, 12),
(73, 15, 'id', 'number', 'Id', 1, 1, 1, 1, 1, 1, '{}', 1),
(74, 15, 'nama_ruang', 'text', 'Nama Ruang', 0, 1, 1, 1, 1, 1, '{}', 2),
(75, 15, 'luas_ruang', 'text', 'Luas Ruang', 0, 1, 1, 1, 1, 1, '{}', 3),
(76, 15, 'no_registrasi', 'text', 'No Registrasi', 0, 1, 1, 1, 1, 1, '{}', 4),
(77, 15, 'created_at', 'timestamp', 'Created At', 0, 1, 1, 1, 0, 1, '{}', 5),
(78, 15, 'updated_at', 'timestamp', 'Updated At', 0, 0, 0, 0, 0, 0, '{}', 6),
(92, 18, 'id', 'hidden', 'Id', 1, 0, 0, 0, 0, 0, '{}', 1),
(93, 18, 'nama_barang', 'text', 'Nama Barang', 0, 1, 1, 1, 1, 1, '{}', 2),
(94, 18, 'spesifikasi', 'text', 'Spesifikasi', 0, 1, 1, 1, 1, 1, '{}', 3),
(95, 18, 'jumlah', 'text', 'Jumlah', 0, 1, 1, 1, 1, 1, '{}', 4),
(96, 18, 'baik', 'text', 'Baik', 0, 1, 1, 1, 1, 1, '{}', 5),
(97, 18, 'rusak_ringan', 'text', 'Rusak Ringan', 0, 1, 1, 1, 1, 1, '{}', 6),
(98, 18, 'rusak_berat', 'text', 'Rusak Berat', 0, 1, 1, 1, 1, 1, '{}', 7),
(99, 18, 'keterangan', 'text', 'Keterangan', 0, 1, 1, 1, 1, 1, '{}', 8),
(100, 18, 'created_at', 'timestamp', 'Created At', 0, 1, 1, 1, 0, 1, '{}', 9),
(101, 18, 'updated_at', 'timestamp', 'Updated At', 0, 0, 0, 0, 0, 0, '{}', 10),
(102, 18, 'barang_belongsto_ruang_relationship', 'relationship', 'ruangs', 0, 1, 1, 1, 1, 1, '{\"model\":\"App\\\\Models\\\\Ruang\",\"table\":\"ruangs\",\"type\":\"belongsTo\",\"column\":\"id_ruang\",\"key\":\"id\",\"label\":\"nama_ruang\",\"pivot_table\":\"barangs\",\"pivot\":\"0\",\"taggable\":\"0\"}', 11),
(103, 18, 'id_ruang', 'text', 'Id Ruang', 1, 1, 1, 1, 1, 1, '{}', 9);

-- --------------------------------------------------------

--
-- Table structure for table `data_types`
--

CREATE TABLE `data_types` (
  `id` int(10) UNSIGNED NOT NULL,
  `name` varchar(255) COLLATE utf8mb4_unicode_ci NOT NULL,
  `slug` varchar(255) COLLATE utf8mb4_unicode_ci NOT NULL,
  `display_name_singular` varchar(255) COLLATE utf8mb4_unicode_ci NOT NULL,
  `display_name_plural` varchar(255) COLLATE utf8mb4_unicode_ci NOT NULL,
  `icon` varchar(255) COLLATE utf8mb4_unicode_ci DEFAULT NULL,
  `model_name` varchar(255) COLLATE utf8mb4_unicode_ci DEFAULT NULL,
  `policy_name` varchar(255) COLLATE utf8mb4_unicode_ci DEFAULT NULL,
  `controller` varchar(255) COLLATE utf8mb4_unicode_ci DEFAULT NULL,
  `description` varchar(255) COLLATE utf8mb4_unicode_ci DEFAULT NULL,
  `generate_permissions` tinyint(1) NOT NULL DEFAULT 0,
  `server_side` tinyint(4) NOT NULL DEFAULT 0,
  `details` text COLLATE utf8mb4_unicode_ci DEFAULT NULL,
  `created_at` timestamp NULL DEFAULT NULL,
  `updated_at` timestamp NULL DEFAULT NULL
) ENGINE=InnoDB DEFAULT CHARSET=utf8mb4 COLLATE=utf8mb4_unicode_ci;

--
-- Dumping data for table `data_types`
--

INSERT INTO `data_types` (`id`, `name`, `slug`, `display_name_singular`, `display_name_plural`, `icon`, `model_name`, `policy_name`, `controller`, `description`, `generate_permissions`, `server_side`, `details`, `created_at`, `updated_at`) VALUES
(1, 'users', 'users', 'User', 'Users', 'voyager-person', 'TCG\\Voyager\\Models\\User', 'TCG\\Voyager\\Policies\\UserPolicy', 'TCG\\Voyager\\Http\\Controllers\\VoyagerUserController', '', 1, 0, NULL, '2020-11-14 01:30:06', '2020-11-14 01:30:06'),
(2, 'menus', 'menus', 'Menu', 'Menus', 'voyager-list', 'TCG\\Voyager\\Models\\Menu', NULL, '', '', 1, 0, NULL, '2020-11-14 01:30:06', '2020-11-14 01:30:06'),
(3, 'roles', 'roles', 'Role', 'Roles', 'voyager-lock', 'TCG\\Voyager\\Models\\Role', NULL, 'TCG\\Voyager\\Http\\Controllers\\VoyagerRoleController', '', 1, 0, NULL, '2020-11-14 01:30:06', '2020-11-14 01:30:06'),
(4, 'categories', 'categories', 'Category', 'Categories', 'voyager-categories', 'TCG\\Voyager\\Models\\Category', NULL, '', '', 1, 0, NULL, '2020-11-14 01:30:08', '2020-11-14 01:30:08'),
(5, 'posts', 'posts', 'Post', 'Posts', 'voyager-news', 'TCG\\Voyager\\Models\\Post', 'TCG\\Voyager\\Policies\\PostPolicy', '', '', 1, 0, NULL, '2020-11-14 01:30:08', '2020-11-14 01:30:08'),
(6, 'pages', 'pages', 'Page', 'Pages', 'voyager-file-text', 'TCG\\Voyager\\Models\\Page', NULL, '', '', 1, 0, NULL, '2020-11-14 01:30:08', '2020-11-14 01:30:08'),
(15, 'ruangs', 'ruangs', 'Ruang', 'Ruangs', NULL, 'App\\Models\\Ruang', NULL, NULL, NULL, 1, 0, '{\"order_column\":null,\"order_display_column\":null,\"order_direction\":\"asc\",\"default_search_key\":null,\"scope\":null}', '2020-11-21 06:50:54', '2020-11-25 06:50:09'),
(18, 'barangs', 'barangs', 'Barang', 'Barangs', NULL, 'App\\Models\\Barang', NULL, NULL, NULL, 1, 0, '{\"order_column\":null,\"order_display_column\":null,\"order_direction\":\"asc\",\"default_search_key\":null,\"scope\":null}', '2020-11-21 07:30:04', '2020-11-25 07:05:47');

-- --------------------------------------------------------

--
-- Table structure for table `failed_jobs`
--

CREATE TABLE `failed_jobs` (
  `id` bigint(20) UNSIGNED NOT NULL,
  `uuid` varchar(255) COLLATE utf8mb4_unicode_ci NOT NULL,
  `connection` text COLLATE utf8mb4_unicode_ci NOT NULL,
  `queue` text COLLATE utf8mb4_unicode_ci NOT NULL,
  `payload` longtext COLLATE utf8mb4_unicode_ci NOT NULL,
  `exception` longtext COLLATE utf8mb4_unicode_ci NOT NULL,
  `failed_at` timestamp NOT NULL DEFAULT current_timestamp()
) ENGINE=InnoDB DEFAULT CHARSET=utf8mb4 COLLATE=utf8mb4_unicode_ci;

-- --------------------------------------------------------

--
-- Table structure for table `menus`
--

CREATE TABLE `menus` (
  `id` int(10) UNSIGNED NOT NULL,
  `name` varchar(255) COLLATE utf8mb4_unicode_ci NOT NULL,
  `created_at` timestamp NULL DEFAULT NULL,
  `updated_at` timestamp NULL DEFAULT NULL
) ENGINE=InnoDB DEFAULT CHARSET=utf8mb4 COLLATE=utf8mb4_unicode_ci;

--
-- Dumping data for table `menus`
--

INSERT INTO `menus` (`id`, `name`, `created_at`, `updated_at`) VALUES
(1, 'admin', '2020-11-14 01:30:07', '2020-11-14 01:30:07'),
(4, 'guru', '2020-11-17 23:03:54', '2020-11-24 06:20:04');

-- --------------------------------------------------------

--
-- Table structure for table `menu_items`
--

CREATE TABLE `menu_items` (
  `id` int(10) UNSIGNED NOT NULL,
  `menu_id` int(10) UNSIGNED DEFAULT NULL,
  `title` varchar(255) COLLATE utf8mb4_unicode_ci NOT NULL,
  `url` varchar(255) COLLATE utf8mb4_unicode_ci NOT NULL,
  `target` varchar(255) COLLATE utf8mb4_unicode_ci NOT NULL DEFAULT '_self',
  `icon_class` varchar(255) COLLATE utf8mb4_unicode_ci DEFAULT NULL,
  `color` varchar(255) COLLATE utf8mb4_unicode_ci DEFAULT NULL,
  `parent_id` int(11) DEFAULT NULL,
  `order` int(11) NOT NULL,
  `created_at` timestamp NULL DEFAULT NULL,
  `updated_at` timestamp NULL DEFAULT NULL,
  `route` varchar(255) COLLATE utf8mb4_unicode_ci DEFAULT NULL,
  `parameters` text COLLATE utf8mb4_unicode_ci DEFAULT NULL
) ENGINE=InnoDB DEFAULT CHARSET=utf8mb4 COLLATE=utf8mb4_unicode_ci;

--
-- Dumping data for table `menu_items`
--

INSERT INTO `menu_items` (`id`, `menu_id`, `title`, `url`, `target`, `icon_class`, `color`, `parent_id`, `order`, `created_at`, `updated_at`, `route`, `parameters`) VALUES
(1, 1, 'Dashboard', '', '_self', 'voyager-boat', '#000000', NULL, 1, '2020-11-14 01:30:07', '2020-11-17 23:02:27', 'voyager.dashboard', 'null'),
(2, 1, 'Media', '', '_self', 'voyager-images', NULL, NULL, 4, '2020-11-14 01:30:07', '2020-11-21 07:34:28', 'voyager.media.index', NULL),
(3, 1, 'Users', '', '_self', 'voyager-person', NULL, NULL, 3, '2020-11-14 01:30:07', '2020-11-21 07:34:28', 'voyager.users.index', NULL),
(4, 1, 'Roles', '', '_self', 'voyager-lock', NULL, NULL, 2, '2020-11-14 01:30:07', '2020-11-14 01:30:07', 'voyager.roles.index', NULL),
(5, 1, 'Tools', '', '_self', 'voyager-tools', NULL, NULL, 10, '2020-11-14 01:30:07', '2020-11-21 07:34:32', NULL, NULL),
(6, 1, 'Menu Builder', '', '_self', 'voyager-list', NULL, 5, 1, '2020-11-14 01:30:07', '2020-11-17 22:59:46', 'voyager.menus.index', NULL),
(7, 1, 'Database', '', '_self', 'voyager-data', NULL, 5, 2, '2020-11-14 01:30:07', '2020-11-17 22:59:46', 'voyager.database.index', NULL),
(8, 1, 'Compass', '', '_self', 'voyager-compass', NULL, 5, 3, '2020-11-14 01:30:07', '2020-11-17 22:59:46', 'voyager.compass.index', NULL),
(9, 1, 'BREAD', '', '_self', 'voyager-bread', NULL, 5, 4, '2020-11-14 01:30:07', '2020-11-17 22:59:46', 'voyager.bread.index', NULL),
(10, 1, 'Settings', '', '_self', 'voyager-settings', NULL, NULL, 11, '2020-11-14 01:30:07', '2020-11-21 07:34:32', 'voyager.settings.index', NULL),
(11, 1, 'Categories', '', '_self', 'voyager-categories', NULL, NULL, 7, '2020-11-14 01:30:08', '2020-11-21 07:34:28', 'voyager.categories.index', NULL),
(12, 1, 'Posts', '', '_self', 'voyager-news', NULL, NULL, 5, '2020-11-14 01:30:08', '2020-11-21 07:34:28', 'voyager.posts.index', NULL),
(13, 1, 'Pages', '', '_self', 'voyager-file-text', NULL, NULL, 6, '2020-11-14 01:30:08', '2020-11-21 07:34:28', 'voyager.pages.index', NULL),
(14, 1, 'Hooks', '', '_self', 'voyager-hook', NULL, 5, 5, '2020-11-14 01:30:09', '2020-11-17 22:59:46', 'voyager.hooks', NULL),
(16, 4, 'Dashboard', '/guru', '_self', 'voyager-boat', '#000000', NULL, 1, '2020-11-17 23:04:24', '2020-11-19 01:08:38', NULL, ''),
(17, 4, 'Barang', '/barang', '_self', 'voyager-anchor', '#ffffff', NULL, 2, '2020-11-19 01:13:48', '2020-11-21 07:33:40', NULL, ''),
(20, 4, 'Ruang', '/ruang', '_self', 'voyager-pirate-swords', '#ffffff', NULL, 3, '2020-11-21 06:42:55', '2020-11-21 07:33:16', NULL, ''),
(21, 1, 'Ruangs', '', '_self', 'voyager-pirate-hat', '#000000', NULL, 8, '2020-11-21 06:50:54', '2020-11-21 07:34:28', 'voyager.ruangs.index', 'null'),
(23, 1, 'Barangs', '', '_self', 'voyager-anchor', '#000000', NULL, 9, '2020-11-21 07:30:04', '2020-11-21 07:35:09', 'voyager.barangs.index', 'null');

-- --------------------------------------------------------

--
-- Table structure for table `migrations`
--

CREATE TABLE `migrations` (
  `id` int(10) UNSIGNED NOT NULL,
  `migration` varchar(255) COLLATE utf8mb4_unicode_ci NOT NULL,
  `batch` int(11) NOT NULL
) ENGINE=InnoDB DEFAULT CHARSET=utf8mb4 COLLATE=utf8mb4_unicode_ci;

--
-- Dumping data for table `migrations`
--

INSERT INTO `migrations` (`id`, `migration`, `batch`) VALUES
(1, '2014_10_12_000000_create_users_table', 1),
(2, '2014_10_12_100000_create_password_resets_table', 1),
(3, '2016_01_01_000000_add_voyager_user_fields', 1),
(4, '2016_01_01_000000_create_data_types_table', 1),
(5, '2016_05_19_173453_create_menu_table', 1),
(6, '2016_10_21_190000_create_roles_table', 1),
(7, '2016_10_21_190000_create_settings_table', 1),
(8, '2016_11_30_135954_create_permission_table', 1),
(9, '2016_11_30_141208_create_permission_role_table', 1),
(10, '2016_12_26_201236_data_types__add__server_side', 1),
(11, '2017_01_13_000000_add_route_to_menu_items_table', 1),
(12, '2017_01_14_005015_create_translations_table', 1),
(13, '2017_01_15_000000_make_table_name_nullable_in_permissions_table', 1),
(14, '2017_03_06_000000_add_controller_to_data_types_table', 1),
(15, '2017_04_21_000000_add_order_to_data_rows_table', 1),
(16, '2017_07_05_210000_add_policyname_to_data_types_table', 1),
(17, '2017_08_05_000000_add_group_to_settings_table', 1),
(18, '2017_11_26_013050_add_user_role_relationship', 1),
(19, '2017_11_26_015000_create_user_roles_table', 1),
(20, '2018_03_11_000000_add_user_settings', 1),
(21, '2018_03_14_000000_add_details_to_data_types_table', 1),
(22, '2018_03_16_000000_make_settings_value_nullable', 1),
(23, '2019_08_19_000000_create_failed_jobs_table', 1),
(24, '2016_01_01_000000_create_pages_table', 2),
(25, '2016_01_01_000000_create_posts_table', 2),
(26, '2016_02_15_204651_create_categories_table', 2),
(27, '2017_04_11_000000_alter_post_nullable_fields_table', 2);

-- --------------------------------------------------------

--
-- Table structure for table `pages`
--

CREATE TABLE `pages` (
  `id` int(10) UNSIGNED NOT NULL,
  `author_id` int(11) NOT NULL,
  `title` varchar(255) COLLATE utf8mb4_unicode_ci NOT NULL,
  `excerpt` text COLLATE utf8mb4_unicode_ci DEFAULT NULL,
  `body` text COLLATE utf8mb4_unicode_ci DEFAULT NULL,
  `image` varchar(255) COLLATE utf8mb4_unicode_ci DEFAULT NULL,
  `slug` varchar(255) COLLATE utf8mb4_unicode_ci NOT NULL,
  `meta_description` text COLLATE utf8mb4_unicode_ci DEFAULT NULL,
  `meta_keywords` text COLLATE utf8mb4_unicode_ci DEFAULT NULL,
  `status` enum('ACTIVE','INACTIVE') COLLATE utf8mb4_unicode_ci NOT NULL DEFAULT 'INACTIVE',
  `created_at` timestamp NULL DEFAULT NULL,
  `updated_at` timestamp NULL DEFAULT NULL
) ENGINE=InnoDB DEFAULT CHARSET=utf8mb4 COLLATE=utf8mb4_unicode_ci;

--
-- Dumping data for table `pages`
--

INSERT INTO `pages` (`id`, `author_id`, `title`, `excerpt`, `body`, `image`, `slug`, `meta_description`, `meta_keywords`, `status`, `created_at`, `updated_at`) VALUES
(1, 0, 'Hello World', 'Hang the jib grog grog blossom grapple dance the hempen jig gangway pressgang bilge rat to go on account lugger. Nelsons folly gabion line draught scallywag fire ship gaff fluke fathom case shot. Sea Legs bilge rat sloop matey gabion long clothes run a shot across the bow Gold Road cog league.', '<p>Hello World. Scallywag grog swab Cat o\'nine tails scuttle rigging hardtack cable nipper Yellow Jack. Handsomely spirits knave lad killick landlubber or just lubber deadlights chantey pinnace crack Jennys tea cup. Provost long clothes black spot Yellow Jack bilged on her anchor league lateen sail case shot lee tackle.</p>\r\n<p>Ballast spirits fluke topmast me quarterdeck schooner landlubber or just lubber gabion belaying pin. Pinnace stern galleon starboard warp carouser to go on account dance the hempen jig jolly boat measured fer yer chains. Man-of-war fire in the hole nipperkin handsomely doubloon barkadeer Brethren of the Coast gibbet driver squiffy.</p>', 'pages/page1.jpg', 'hello-world', 'Yar Meta Description', 'Keyword1, Keyword2', 'ACTIVE', '2020-11-14 01:30:08', '2020-11-14 01:30:08');

-- --------------------------------------------------------

--
-- Table structure for table `password_resets`
--

CREATE TABLE `password_resets` (
  `email` varchar(255) COLLATE utf8mb4_unicode_ci NOT NULL,
  `token` varchar(255) COLLATE utf8mb4_unicode_ci NOT NULL,
  `created_at` timestamp NULL DEFAULT NULL
) ENGINE=InnoDB DEFAULT CHARSET=utf8mb4 COLLATE=utf8mb4_unicode_ci;

-- --------------------------------------------------------

--
-- Table structure for table `permissions`
--

CREATE TABLE `permissions` (
  `id` bigint(20) UNSIGNED NOT NULL,
  `key` varchar(255) COLLATE utf8mb4_unicode_ci NOT NULL,
  `table_name` varchar(255) COLLATE utf8mb4_unicode_ci DEFAULT NULL,
  `created_at` timestamp NULL DEFAULT NULL,
  `updated_at` timestamp NULL DEFAULT NULL
) ENGINE=InnoDB DEFAULT CHARSET=utf8mb4 COLLATE=utf8mb4_unicode_ci;

--
-- Dumping data for table `permissions`
--

INSERT INTO `permissions` (`id`, `key`, `table_name`, `created_at`, `updated_at`) VALUES
(1, 'browse_admin', NULL, '2020-11-14 01:30:07', '2020-11-14 01:30:07'),
(2, 'browse_bread', NULL, '2020-11-14 01:30:07', '2020-11-14 01:30:07'),
(3, 'browse_database', NULL, '2020-11-14 01:30:07', '2020-11-14 01:30:07'),
(4, 'browse_media', NULL, '2020-11-14 01:30:07', '2020-11-14 01:30:07'),
(5, 'browse_compass', NULL, '2020-11-14 01:30:07', '2020-11-14 01:30:07'),
(6, 'browse_menus', 'menus', '2020-11-14 01:30:07', '2020-11-14 01:30:07'),
(7, 'read_menus', 'menus', '2020-11-14 01:30:07', '2020-11-14 01:30:07'),
(8, 'edit_menus', 'menus', '2020-11-14 01:30:07', '2020-11-14 01:30:07'),
(9, 'add_menus', 'menus', '2020-11-14 01:30:07', '2020-11-14 01:30:07'),
(10, 'delete_menus', 'menus', '2020-11-14 01:30:07', '2020-11-14 01:30:07'),
(11, 'browse_roles', 'roles', '2020-11-14 01:30:07', '2020-11-14 01:30:07'),
(12, 'read_roles', 'roles', '2020-11-14 01:30:07', '2020-11-14 01:30:07'),
(13, 'edit_roles', 'roles', '2020-11-14 01:30:07', '2020-11-14 01:30:07'),
(14, 'add_roles', 'roles', '2020-11-14 01:30:07', '2020-11-14 01:30:07'),
(15, 'delete_roles', 'roles', '2020-11-14 01:30:07', '2020-11-14 01:30:07'),
(16, 'browse_users', 'users', '2020-11-14 01:30:07', '2020-11-14 01:30:07'),
(17, 'read_users', 'users', '2020-11-14 01:30:07', '2020-11-14 01:30:07'),
(18, 'edit_users', 'users', '2020-11-14 01:30:07', '2020-11-14 01:30:07'),
(19, 'add_users', 'users', '2020-11-14 01:30:07', '2020-11-14 01:30:07'),
(20, 'delete_users', 'users', '2020-11-14 01:30:07', '2020-11-14 01:30:07'),
(21, 'browse_settings', 'settings', '2020-11-14 01:30:07', '2020-11-14 01:30:07'),
(22, 'read_settings', 'settings', '2020-11-14 01:30:07', '2020-11-14 01:30:07'),
(23, 'edit_settings', 'settings', '2020-11-14 01:30:07', '2020-11-14 01:30:07'),
(24, 'add_settings', 'settings', '2020-11-14 01:30:07', '2020-11-14 01:30:07'),
(25, 'delete_settings', 'settings', '2020-11-14 01:30:07', '2020-11-14 01:30:07'),
(26, 'browse_categories', 'categories', '2020-11-14 01:30:08', '2020-11-14 01:30:08'),
(27, 'read_categories', 'categories', '2020-11-14 01:30:08', '2020-11-14 01:30:08'),
(28, 'edit_categories', 'categories', '2020-11-14 01:30:08', '2020-11-14 01:30:08'),
(29, 'add_categories', 'categories', '2020-11-14 01:30:08', '2020-11-14 01:30:08'),
(30, 'delete_categories', 'categories', '2020-11-14 01:30:08', '2020-11-14 01:30:08'),
(31, 'browse_posts', 'posts', '2020-11-14 01:30:08', '2020-11-14 01:30:08'),
(32, 'read_posts', 'posts', '2020-11-14 01:30:08', '2020-11-14 01:30:08'),
(33, 'edit_posts', 'posts', '2020-11-14 01:30:08', '2020-11-14 01:30:08'),
(34, 'add_posts', 'posts', '2020-11-14 01:30:08', '2020-11-14 01:30:08'),
(35, 'delete_posts', 'posts', '2020-11-14 01:30:08', '2020-11-14 01:30:08'),
(36, 'browse_pages', 'pages', '2020-11-14 01:30:08', '2020-11-14 01:30:08'),
(37, 'read_pages', 'pages', '2020-11-14 01:30:08', '2020-11-14 01:30:08'),
(38, 'edit_pages', 'pages', '2020-11-14 01:30:08', '2020-11-14 01:30:08'),
(39, 'add_pages', 'pages', '2020-11-14 01:30:08', '2020-11-14 01:30:08'),
(40, 'delete_pages', 'pages', '2020-11-14 01:30:08', '2020-11-14 01:30:08'),
(41, 'browse_hooks', NULL, '2020-11-14 01:30:09', '2020-11-14 01:30:09'),
(52, 'browse_ruangs', 'ruangs', '2020-11-21 06:50:54', '2020-11-21 06:50:54'),
(53, 'read_ruangs', 'ruangs', '2020-11-21 06:50:54', '2020-11-21 06:50:54'),
(54, 'edit_ruangs', 'ruangs', '2020-11-21 06:50:54', '2020-11-21 06:50:54'),
(55, 'add_ruangs', 'ruangs', '2020-11-21 06:50:54', '2020-11-21 06:50:54'),
(56, 'delete_ruangs', 'ruangs', '2020-11-21 06:50:54', '2020-11-21 06:50:54'),
(62, 'browse_barangs', 'barangs', '2020-11-21 07:30:04', '2020-11-21 07:30:04'),
(63, 'read_barangs', 'barangs', '2020-11-21 07:30:04', '2020-11-21 07:30:04'),
(64, 'edit_barangs', 'barangs', '2020-11-21 07:30:04', '2020-11-21 07:30:04'),
(65, 'add_barangs', 'barangs', '2020-11-21 07:30:04', '2020-11-21 07:30:04'),
(66, 'delete_barangs', 'barangs', '2020-11-21 07:30:04', '2020-11-21 07:30:04');

-- --------------------------------------------------------

--
-- Table structure for table `permission_role`
--

CREATE TABLE `permission_role` (
  `permission_id` bigint(20) UNSIGNED NOT NULL,
  `role_id` bigint(20) UNSIGNED NOT NULL
) ENGINE=InnoDB DEFAULT CHARSET=utf8mb4 COLLATE=utf8mb4_unicode_ci;

--
-- Dumping data for table `permission_role`
--

INSERT INTO `permission_role` (`permission_id`, `role_id`) VALUES
(1, 1),
(1, 3),
(2, 1),
(2, 3),
(3, 1),
(3, 3),
(4, 1),
(5, 1),
(5, 3),
(6, 1),
(6, 3),
(7, 1),
(7, 3),
(8, 1),
(8, 3),
(9, 1),
(9, 3),
(10, 1),
(10, 3),
(11, 1),
(12, 1),
(13, 1),
(14, 1),
(15, 1),
(16, 1),
(16, 3),
(17, 1),
(17, 3),
(18, 1),
(19, 1),
(20, 1),
(21, 1),
(22, 1),
(23, 1),
(24, 1),
(25, 1),
(26, 1),
(27, 1),
(28, 1),
(29, 1),
(30, 1),
(31, 1),
(32, 1),
(33, 1),
(34, 1),
(35, 1),
(36, 1),
(37, 1),
(38, 1),
(39, 1),
(40, 1),
(52, 3),
(53, 3),
(54, 3),
(55, 3),
(56, 3),
(62, 3),
(63, 3),
(64, 3),
(65, 3),
(66, 3);

-- --------------------------------------------------------

--
-- Table structure for table `posts`
--

CREATE TABLE `posts` (
  `id` int(10) UNSIGNED NOT NULL,
  `author_id` int(11) NOT NULL,
  `category_id` int(11) DEFAULT NULL,
  `title` varchar(255) COLLATE utf8mb4_unicode_ci NOT NULL,
  `seo_title` varchar(255) COLLATE utf8mb4_unicode_ci DEFAULT NULL,
  `excerpt` text COLLATE utf8mb4_unicode_ci DEFAULT NULL,
  `body` text COLLATE utf8mb4_unicode_ci NOT NULL,
  `image` varchar(255) COLLATE utf8mb4_unicode_ci DEFAULT NULL,
  `slug` varchar(255) COLLATE utf8mb4_unicode_ci NOT NULL,
  `meta_description` text COLLATE utf8mb4_unicode_ci DEFAULT NULL,
  `meta_keywords` text COLLATE utf8mb4_unicode_ci DEFAULT NULL,
  `status` enum('PUBLISHED','DRAFT','PENDING') COLLATE utf8mb4_unicode_ci NOT NULL DEFAULT 'DRAFT',
  `featured` tinyint(1) NOT NULL DEFAULT 0,
  `created_at` timestamp NULL DEFAULT NULL,
  `updated_at` timestamp NULL DEFAULT NULL
) ENGINE=InnoDB DEFAULT CHARSET=utf8mb4 COLLATE=utf8mb4_unicode_ci;

--
-- Dumping data for table `posts`
--

INSERT INTO `posts` (`id`, `author_id`, `category_id`, `title`, `seo_title`, `excerpt`, `body`, `image`, `slug`, `meta_description`, `meta_keywords`, `status`, `featured`, `created_at`, `updated_at`) VALUES
(1, 0, NULL, 'Lorem Ipsum Post', NULL, 'This is the excerpt for the Lorem Ipsum Post', '<p>This is the body of the lorem ipsum post</p>', 'posts/post1.jpg', 'lorem-ipsum-post', 'This is the meta description', 'keyword1, keyword2, keyword3', 'PUBLISHED', 0, '2020-11-14 01:30:08', '2020-11-14 01:30:08'),
(2, 0, NULL, 'My Sample Post', NULL, 'This is the excerpt for the sample Post', '<p>This is the body for the sample post, which includes the body.</p>\r\n                <h2>We can use all kinds of format!</h2>\r\n                <p>And include a bunch of other stuff.</p>', 'posts/post2.jpg', 'my-sample-post', 'Meta Description for sample post', 'keyword1, keyword2, keyword3', 'PUBLISHED', 0, '2020-11-14 01:30:08', '2020-11-14 01:30:08'),
(3, 0, NULL, 'Latest Post', NULL, 'This is the excerpt for the latest post', '<p>This is the body for the latest post</p>', 'posts/post3.jpg', 'latest-post', 'This is the meta description', 'keyword1, keyword2, keyword3', 'PUBLISHED', 0, '2020-11-14 01:30:08', '2020-11-14 01:30:08'),
(4, 0, NULL, 'Yarr Post', NULL, 'Reef sails nipperkin bring a spring upon her cable coffer jury mast spike marooned Pieces of Eight poop deck pillage. Clipper driver coxswain galleon hempen halter come about pressgang gangplank boatswain swing the lead. Nipperkin yard skysail swab lanyard Blimey bilge water ho quarter Buccaneer.', '<p>Swab deadlights Buccaneer fire ship square-rigged dance the hempen jig weigh anchor cackle fruit grog furl. Crack Jennys tea cup chase guns pressgang hearties spirits hogshead Gold Road six pounders fathom measured fer yer chains. Main sheet provost come about trysail barkadeer crimp scuttle mizzenmast brig plunder.</p>\r\n<p>Mizzen league keelhaul galleon tender cog chase Barbary Coast doubloon crack Jennys tea cup. Blow the man down lugsail fire ship pinnace cackle fruit line warp Admiral of the Black strike colors doubloon. Tackle Jack Ketch come about crimp rum draft scuppers run a shot across the bow haul wind maroon.</p>\r\n<p>Interloper heave down list driver pressgang holystone scuppers tackle scallywag bilged on her anchor. Jack Tar interloper draught grapple mizzenmast hulk knave cable transom hogshead. Gaff pillage to go on account grog aft chase guns piracy yardarm knave clap of thunder.</p>', 'posts/post4.jpg', 'yarr-post', 'this be a meta descript', 'keyword1, keyword2, keyword3', 'PUBLISHED', 0, '2020-11-14 01:30:08', '2020-11-14 01:30:08');

-- --------------------------------------------------------

--
-- Table structure for table `roles`
--

CREATE TABLE `roles` (
  `id` bigint(20) UNSIGNED NOT NULL,
  `name` varchar(255) COLLATE utf8mb4_unicode_ci NOT NULL,
  `display_name` varchar(255) COLLATE utf8mb4_unicode_ci NOT NULL,
  `created_at` timestamp NULL DEFAULT NULL,
  `updated_at` timestamp NULL DEFAULT NULL
) ENGINE=InnoDB DEFAULT CHARSET=utf8mb4 COLLATE=utf8mb4_unicode_ci;

--
-- Dumping data for table `roles`
--

INSERT INTO `roles` (`id`, `name`, `display_name`, `created_at`, `updated_at`) VALUES
(1, 'admin', 'Administrator', '2020-11-14 01:30:07', '2020-11-14 01:30:07'),
(2, 'user', 'Normal User', '2020-11-14 01:30:07', '2020-11-14 01:30:07'),
(3, 'guru', 'Guru', '2020-11-17 22:59:05', '2020-11-17 22:59:05');

-- --------------------------------------------------------

--
-- Table structure for table `ruangs`
--

CREATE TABLE `ruangs` (
  `id` bigint(20) UNSIGNED NOT NULL,
  `nama_ruang` varchar(255) COLLATE utf8mb4_unicode_ci DEFAULT NULL,
  `luas_ruang` varchar(255) COLLATE utf8mb4_unicode_ci DEFAULT NULL,
  `no_registrasi` varchar(255) COLLATE utf8mb4_unicode_ci DEFAULT NULL,
  `created_at` timestamp NULL DEFAULT NULL,
  `updated_at` timestamp NULL DEFAULT NULL
) ENGINE=InnoDB DEFAULT CHARSET=utf8mb4 COLLATE=utf8mb4_unicode_ci;

--
-- Dumping data for table `ruangs`
--

INSERT INTO `ruangs` (`id`, `nama_ruang`, `luas_ruang`, `no_registrasi`, `created_at`, `updated_at`) VALUES
(1, 'Ruang 1', '8m x 8m = 64 m2', '1/421.5-SMK.TB/Sarpras/Ruang Teori/2020', '2020-11-21 06:53:00', '2020-11-21 07:42:05'),
(2, 'Ruang 2', '8m x 8m = 64 m2', '2/421.5-SMK.TB/Sarpras/Ruang Teori/2020', '2020-11-21 07:40:00', '2020-11-21 07:43:17'),
(3, 'Ruang 3', '8m x 8m = 64 m2', '3/421.5-SMK.TB/Sarpras/Ruang Teori/2020', '2020-11-21 07:40:00', '2020-11-21 07:43:04'),
(4, 'Ruang 4', '8m x 8m = 64 m2', '4/421.5-SMK.TB/Sarpras/Ruang Teori/2020', '2020-11-21 07:41:28', '2020-11-21 07:41:28'),
(5, 'Ruang 5', '8m x 8m = 64 m2', '5/421.5-SMK.TB/Sarpras/Ruang Teori/2020', '2020-11-21 07:42:48', '2020-11-21 07:42:48'),
(6, 'Ruang 6', '8m x 8m = 64 m2', '6/421.5-SMK.TB/Sarpras/Ruang Teori/2020', '2020-11-23 01:39:36', '2020-11-23 01:39:36'),
(7, 'Ruang 7 (Lab Simdig)', '8m x 8m = 64 m2', '7/421.5-SMK.TB/Sarpras/Ruang Teori/2020', '2020-11-23 01:40:14', '2020-11-23 01:40:14'),
(8, 'Ruang 8', '8m x 8m = 64 m2', '8/421.5-SMK.TB/Sarpras/Ruang Teori/2020', '2020-11-23 01:40:34', '2020-11-23 01:40:34'),
(9, 'Ruang 9', '8m x 8m = 64 m2', '9/421.5-SMK.TB/Sarpras/Ruang Teori/2020', '2020-11-23 01:40:57', '2020-11-23 01:40:57'),
(10, 'Ruang 10', '8m x 8m = 64 m2', '10/421.5-SMK.TB/Sarpras/Ruang Teori/2020', '2020-11-23 01:41:20', '2020-11-23 01:41:20'),
(11, 'Ruang 11 (Lab. Bhs 1)', '8m x 8m = 64 m2', '11/421.5-SMK.TB/Sarpras/Ruang Teori/2020', '2020-11-24 08:07:09', '2020-11-24 08:07:09'),
(12, 'Ruang 12 (Lab. Bhs 2)', '8m x 8m = 64 m2', '12/421.5-SMK.TB/Sarpras/Ruang Teori/2020', '2020-11-24 08:07:32', '2020-11-24 08:07:32'),
(13, 'Ruang 13', '8m x 8m = 64 m2', '13/R.Teori/Sarpras-SMK.TB/2020', '2020-11-24 08:07:50', '2020-11-24 08:07:50'),
(14, 'Ruang 14', '8m x 8m = 64 m2', '14/R.Teori/Sarpras-SMK.TB/2020', '2020-11-24 08:08:00', '2020-11-24 08:08:32'),
(15, 'Ruang 15', '8m x 8m = 64 m2', '15/R.Teori/Sarpras-SMK.TB/2020', '2020-11-24 08:08:48', '2020-11-24 08:08:48');

-- --------------------------------------------------------

--
-- Table structure for table `settings`
--

CREATE TABLE `settings` (
  `id` int(10) UNSIGNED NOT NULL,
  `key` varchar(255) COLLATE utf8mb4_unicode_ci NOT NULL,
  `display_name` varchar(255) COLLATE utf8mb4_unicode_ci NOT NULL,
  `value` text COLLATE utf8mb4_unicode_ci DEFAULT NULL,
  `details` text COLLATE utf8mb4_unicode_ci DEFAULT NULL,
  `type` varchar(255) COLLATE utf8mb4_unicode_ci NOT NULL,
  `order` int(11) NOT NULL DEFAULT 1,
  `group` varchar(255) COLLATE utf8mb4_unicode_ci DEFAULT NULL
) ENGINE=InnoDB DEFAULT CHARSET=utf8mb4 COLLATE=utf8mb4_unicode_ci;

--
-- Dumping data for table `settings`
--

INSERT INTO `settings` (`id`, `key`, `display_name`, `value`, `details`, `type`, `order`, `group`) VALUES
(1, 'site.title', 'Site Title', 'Site Title', '', 'text', 1, 'Site'),
(2, 'site.description', 'Site Description', 'Site Description', '', 'text', 2, 'Site'),
(3, 'site.logo', 'Site Logo', '', '', 'image', 3, 'Site'),
(4, 'site.google_analytics_tracking_id', 'Google Analytics Tracking ID', '', '', 'text', 4, 'Site'),
(5, 'admin.bg_image', 'Admin Background Image', '', '', 'image', 5, 'Admin'),
(6, 'admin.title', 'Admin Title', 'Voyager', '', 'text', 1, 'Admin'),
(7, 'admin.description', 'Admin Description', 'Welcome to Voyager. The Missing Admin for Laravel', '', 'text', 2, 'Admin'),
(8, 'admin.loader', 'Admin Loader', '', '', 'image', 3, 'Admin'),
(9, 'admin.icon_image', 'Admin Icon Image', '', '', 'image', 4, 'Admin'),
(10, 'admin.google_analytics_client_id', 'Google Analytics Client ID (used for admin dashboard)', '', '', 'text', 1, 'Admin');

-- --------------------------------------------------------

--
-- Table structure for table `translations`
--

CREATE TABLE `translations` (
  `id` int(10) UNSIGNED NOT NULL,
  `table_name` varchar(255) COLLATE utf8mb4_unicode_ci NOT NULL,
  `column_name` varchar(255) COLLATE utf8mb4_unicode_ci NOT NULL,
  `foreign_key` int(10) UNSIGNED NOT NULL,
  `locale` varchar(255) COLLATE utf8mb4_unicode_ci NOT NULL,
  `value` text COLLATE utf8mb4_unicode_ci NOT NULL,
  `created_at` timestamp NULL DEFAULT NULL,
  `updated_at` timestamp NULL DEFAULT NULL
) ENGINE=InnoDB DEFAULT CHARSET=utf8mb4 COLLATE=utf8mb4_unicode_ci;

--
-- Dumping data for table `translations`
--

INSERT INTO `translations` (`id`, `table_name`, `column_name`, `foreign_key`, `locale`, `value`, `created_at`, `updated_at`) VALUES
(1, 'data_types', 'display_name_singular', 5, 'pt', 'Post', '2020-11-14 01:30:09', '2020-11-14 01:30:09'),
(2, 'data_types', 'display_name_singular', 6, 'pt', 'Pgina', '2020-11-14 01:30:09', '2020-11-14 01:30:09'),
(3, 'data_types', 'display_name_singular', 1, 'pt', 'Utilizador', '2020-11-14 01:30:09', '2020-11-14 01:30:09'),
(4, 'data_types', 'display_name_singular', 4, 'pt', 'Categoria', '2020-11-14 01:30:09', '2020-11-14 01:30:09'),
(5, 'data_types', 'display_name_singular', 2, 'pt', 'Menu', '2020-11-14 01:30:09', '2020-11-14 01:30:09'),
(6, 'data_types', 'display_name_singular', 3, 'pt', 'Funo', '2020-11-14 01:30:09', '2020-11-14 01:30:09'),
(7, 'data_types', 'display_name_plural', 5, 'pt', 'Posts', '2020-11-14 01:30:09', '2020-11-14 01:30:09'),
(8, 'data_types', 'display_name_plural', 6, 'pt', 'Pginas', '2020-11-14 01:30:09', '2020-11-14 01:30:09'),
(9, 'data_types', 'display_name_plural', 1, 'pt', 'Utilizadores', '2020-11-14 01:30:09', '2020-11-14 01:30:09'),
(10, 'data_types', 'display_name_plural', 4, 'pt', 'Categorias', '2020-11-14 01:30:09', '2020-11-14 01:30:09'),
(11, 'data_types', 'display_name_plural', 2, 'pt', 'Menus', '2020-11-14 01:30:09', '2020-11-14 01:30:09'),
(12, 'data_types', 'display_name_plural', 3, 'pt', 'Funes', '2020-11-14 01:30:09', '2020-11-14 01:30:09'),
(13, 'categories', 'slug', 1, 'pt', 'categoria-1', '2020-11-14 01:30:09', '2020-11-14 01:30:09'),
(14, 'categories', 'name', 1, 'pt', 'Categoria 1', '2020-11-14 01:30:09', '2020-11-14 01:30:09'),
(15, 'categories', 'slug', 2, 'pt', 'categoria-2', '2020-11-14 01:30:09', '2020-11-14 01:30:09'),
(16, 'categories', 'name', 2, 'pt', 'Categoria 2', '2020-11-14 01:30:09', '2020-11-14 01:30:09'),
(17, 'pages', 'title', 1, 'pt', 'Ol Mundo', '2020-11-14 01:30:09', '2020-11-14 01:30:09'),
(18, 'pages', 'slug', 1, 'pt', 'ola-mundo', '2020-11-14 01:30:09', '2020-11-14 01:30:09'),
(19, 'pages', 'body', 1, 'pt', '<p>Ol Mundo. Scallywag grog swab Cat o\'nine tails scuttle rigging hardtack cable nipper Yellow Jack. Handsomely spirits knave lad killick landlubber or just lubber deadlights chantey pinnace crack Jennys tea cup. Provost long clothes black spot Yellow Jack bilged on her anchor league lateen sail case shot lee tackle.</p>\r\n<p>Ballast spirits fluke topmast me quarterdeck schooner landlubber or just lubber gabion belaying pin. Pinnace stern galleon starboard warp carouser to go on account dance the hempen jig jolly boat measured fer yer chains. Man-of-war fire in the hole nipperkin handsomely doubloon barkadeer Brethren of the Coast gibbet driver squiffy.</p>', '2020-11-14 01:30:09', '2020-11-14 01:30:09'),
(20, 'menu_items', 'title', 1, 'pt', 'Painel de Controle', '2020-11-14 01:30:09', '2020-11-14 01:30:09'),
(21, 'menu_items', 'title', 2, 'pt', 'Media', '2020-11-14 01:30:09', '2020-11-14 01:30:09'),
(22, 'menu_items', 'title', 12, 'pt', 'Publicaes', '2020-11-14 01:30:09', '2020-11-14 01:30:09'),
(23, 'menu_items', 'title', 3, 'pt', 'Utilizadores', '2020-11-14 01:30:09', '2020-11-14 01:30:09'),
(24, 'menu_items', 'title', 11, 'pt', 'Categorias', '2020-11-14 01:30:09', '2020-11-14 01:30:09'),
(25, 'menu_items', 'title', 13, 'pt', 'Pginas', '2020-11-14 01:30:09', '2020-11-14 01:30:09'),
(26, 'menu_items', 'title', 4, 'pt', 'Funes', '2020-11-14 01:30:09', '2020-11-14 01:30:09'),
(27, 'menu_items', 'title', 5, 'pt', 'Ferramentas', '2020-11-14 01:30:09', '2020-11-14 01:30:09'),
(28, 'menu_items', 'title', 6, 'pt', 'Menus', '2020-11-14 01:30:09', '2020-11-14 01:30:09'),
(29, 'menu_items', 'title', 7, 'pt', 'Base de dados', '2020-11-14 01:30:09', '2020-11-14 01:30:09'),
(30, 'menu_items', 'title', 10, 'pt', 'Configuraes', '2020-11-14 01:30:09', '2020-11-14 01:30:09');

-- --------------------------------------------------------

--
-- Table structure for table `users`
--

CREATE TABLE `users` (
  `id` bigint(20) UNSIGNED NOT NULL,
  `role_id` bigint(20) UNSIGNED DEFAULT NULL,
  `name` varchar(255) COLLATE utf8mb4_unicode_ci NOT NULL,
  `email` varchar(255) COLLATE utf8mb4_unicode_ci NOT NULL,
  `avatar` varchar(255) COLLATE utf8mb4_unicode_ci DEFAULT 'users/default.png',
  `email_verified_at` timestamp NULL DEFAULT NULL,
  `password` varchar(255) COLLATE utf8mb4_unicode_ci NOT NULL,
  `remember_token` varchar(100) COLLATE utf8mb4_unicode_ci DEFAULT NULL,
  `settings` text COLLATE utf8mb4_unicode_ci DEFAULT NULL,
  `created_at` timestamp NULL DEFAULT NULL,
  `updated_at` timestamp NULL DEFAULT NULL
) ENGINE=InnoDB DEFAULT CHARSET=utf8mb4 COLLATE=utf8mb4_unicode_ci;

--
-- Dumping data for table `users`
--

INSERT INTO `users` (`id`, `role_id`, `name`, `email`, `avatar`, `email_verified_at`, `password`, `remember_token`, `settings`, `created_at`, `updated_at`) VALUES
(1, 1, 'Admin Sarpras', 'admin@admin.com', 'users/default.png', NULL, '$2y$10$XyhuQH0GuPqTORNnSRb7UeqW5emyoyZXyUkjvx0F5D3ojdz2fzKRi', 'ATLPF6dcF3L8EGghCVV65JZrVHgIVctKqXJA6BTKo0oxPHM7BpBfUHPOOjt2', '{\"locale\":\"en\"}', '2020-11-02 01:30:08', '2020-11-24 06:21:10'),
(2, 3, 'Ajunar Kandi', 'guru01@gmail.com', 'users\\November2020\\Ks2SgjbzemUFteGW4uHU.jpg', NULL, '$2y$10$2QnH/tX4IPTjuevxGJiz5uR8tygjnz1KSvymZcdgTf4qaQmdOw6Ka', NULL, '{\"locale\":\"id\"}', '2020-11-02 01:40:21', '2020-11-24 06:20:52');

-- --------------------------------------------------------

--
-- Table structure for table `user_roles`
--

CREATE TABLE `user_roles` (
  `user_id` bigint(20) UNSIGNED NOT NULL,
  `role_id` bigint(20) UNSIGNED NOT NULL
) ENGINE=InnoDB DEFAULT CHARSET=utf8mb4 COLLATE=utf8mb4_unicode_ci;

--
-- Dumping data for table `user_roles`
--

INSERT INTO `user_roles` (`user_id`, `role_id`) VALUES
(2, 3);

--
-- Indexes for dumped tables
--

--
-- Indexes for table `barangs`
--
ALTER TABLE `barangs`
  ADD PRIMARY KEY (`id`);

--
-- Indexes for table `categories`
--
ALTER TABLE `categories`
  ADD PRIMARY KEY (`id`),
  ADD UNIQUE KEY `categories_slug_unique` (`slug`),
  ADD KEY `categories_parent_id_foreign` (`parent_id`);

--
-- Indexes for table `data_rows`
--
ALTER TABLE `data_rows`
  ADD PRIMARY KEY (`id`),
  ADD KEY `data_rows_data_type_id_foreign` (`data_type_id`);

--
-- Indexes for table `data_types`
--
ALTER TABLE `data_types`
  ADD PRIMARY KEY (`id`),
  ADD UNIQUE KEY `data_types_name_unique` (`name`),
  ADD UNIQUE KEY `data_types_slug_unique` (`slug`);

--
-- Indexes for table `failed_jobs`
--
ALTER TABLE `failed_jobs`
  ADD PRIMARY KEY (`id`),
  ADD UNIQUE KEY `failed_jobs_uuid_unique` (`uuid`);

--
-- Indexes for table `menus`
--
ALTER TABLE `menus`
  ADD PRIMARY KEY (`id`),
  ADD UNIQUE KEY `menus_name_unique` (`name`);

--
-- Indexes for table `menu_items`
--
ALTER TABLE `menu_items`
  ADD PRIMARY KEY (`id`),
  ADD KEY `menu_items_menu_id_foreign` (`menu_id`);

--
-- Indexes for table `migrations`
--
ALTER TABLE `migrations`
  ADD PRIMARY KEY (`id`);

--
-- Indexes for table `pages`
--
ALTER TABLE `pages`
  ADD PRIMARY KEY (`id`),
  ADD UNIQUE KEY `pages_slug_unique` (`slug`);

--
-- Indexes for table `password_resets`
--
ALTER TABLE `password_resets`
  ADD KEY `password_resets_email_index` (`email`);

--
-- Indexes for table `permissions`
--
ALTER TABLE `permissions`
  ADD PRIMARY KEY (`id`),
  ADD KEY `permissions_key_index` (`key`);

--
-- Indexes for table `permission_role`
--
ALTER TABLE `permission_role`
  ADD PRIMARY KEY (`permission_id`,`role_id`),
  ADD KEY `permission_role_permission_id_index` (`permission_id`),
  ADD KEY `permission_role_role_id_index` (`role_id`);

--
-- Indexes for table `posts`
--
ALTER TABLE `posts`
  ADD PRIMARY KEY (`id`),
  ADD UNIQUE KEY `posts_slug_unique` (`slug`);

--
-- Indexes for table `roles`
--
ALTER TABLE `roles`
  ADD PRIMARY KEY (`id`),
  ADD UNIQUE KEY `roles_name_unique` (`name`);

--
-- Indexes for table `ruangs`
--
ALTER TABLE `ruangs`
  ADD PRIMARY KEY (`id`);

--
-- Indexes for table `settings`
--
ALTER TABLE `settings`
  ADD PRIMARY KEY (`id`),
  ADD UNIQUE KEY `settings_key_unique` (`key`);

--
-- Indexes for table `translations`
--
ALTER TABLE `translations`
  ADD PRIMARY KEY (`id`),
  ADD UNIQUE KEY `translations_table_name_column_name_foreign_key_locale_unique` (`table_name`,`column_name`,`foreign_key`,`locale`);

--
-- Indexes for table `users`
--
ALTER TABLE `users`
  ADD PRIMARY KEY (`id`),
  ADD UNIQUE KEY `users_email_unique` (`email`),
  ADD KEY `users_role_id_foreign` (`role_id`);

--
-- Indexes for table `user_roles`
--
ALTER TABLE `user_roles`
  ADD PRIMARY KEY (`user_id`,`role_id`),
  ADD KEY `user_roles_user_id_index` (`user_id`),
  ADD KEY `user_roles_role_id_index` (`role_id`);

--
-- AUTO_INCREMENT for dumped tables
--

--
-- AUTO_INCREMENT for table `barangs`
--
ALTER TABLE `barangs`
  MODIFY `id` bigint(20) UNSIGNED NOT NULL AUTO_INCREMENT, AUTO_INCREMENT=122;

--
-- AUTO_INCREMENT for table `categories`
--
ALTER TABLE `categories`
  MODIFY `id` int(10) UNSIGNED NOT NULL AUTO_INCREMENT, AUTO_INCREMENT=3;

--
-- AUTO_INCREMENT for table `data_rows`
--
ALTER TABLE `data_rows`
  MODIFY `id` int(10) UNSIGNED NOT NULL AUTO_INCREMENT, AUTO_INCREMENT=104;

--
-- AUTO_INCREMENT for table `data_types`
--
ALTER TABLE `data_types`
  MODIFY `id` int(10) UNSIGNED NOT NULL AUTO_INCREMENT, AUTO_INCREMENT=19;

--
-- AUTO_INCREMENT for table `failed_jobs`
--
ALTER TABLE `failed_jobs`
  MODIFY `id` bigint(20) UNSIGNED NOT NULL AUTO_INCREMENT;

--
-- AUTO_INCREMENT for table `menus`
--
ALTER TABLE `menus`
  MODIFY `id` int(10) UNSIGNED NOT NULL AUTO_INCREMENT, AUTO_INCREMENT=6;

--
-- AUTO_INCREMENT for table `menu_items`
--
ALTER TABLE `menu_items`
  MODIFY `id` int(10) UNSIGNED NOT NULL AUTO_INCREMENT, AUTO_INCREMENT=24;

--
-- AUTO_INCREMENT for table `migrations`
--
ALTER TABLE `migrations`
  MODIFY `id` int(10) UNSIGNED NOT NULL AUTO_INCREMENT, AUTO_INCREMENT=28;

--
-- AUTO_INCREMENT for table `pages`
--
ALTER TABLE `pages`
  MODIFY `id` int(10) UNSIGNED NOT NULL AUTO_INCREMENT, AUTO_INCREMENT=2;

--
-- AUTO_INCREMENT for table `permissions`
--
ALTER TABLE `permissions`
  MODIFY `id` bigint(20) UNSIGNED NOT NULL AUTO_INCREMENT, AUTO_INCREMENT=67;

--
-- AUTO_INCREMENT for table `posts`
--
ALTER TABLE `posts`
  MODIFY `id` int(10) UNSIGNED NOT NULL AUTO_INCREMENT, AUTO_INCREMENT=5;

--
-- AUTO_INCREMENT for table `roles`
--
ALTER TABLE `roles`
  MODIFY `id` bigint(20) UNSIGNED NOT NULL AUTO_INCREMENT, AUTO_INCREMENT=5;

--
-- AUTO_INCREMENT for table `ruangs`
--
ALTER TABLE `ruangs`
  MODIFY `id` bigint(20) UNSIGNED NOT NULL AUTO_INCREMENT, AUTO_INCREMENT=16;

--
-- AUTO_INCREMENT for table `settings`
--
ALTER TABLE `settings`
  MODIFY `id` int(10) UNSIGNED NOT NULL AUTO_INCREMENT, AUTO_INCREMENT=11;

--
-- AUTO_INCREMENT for table `translations`
--
ALTER TABLE `translations`
  MODIFY `id` int(10) UNSIGNED NOT NULL AUTO_INCREMENT, AUTO_INCREMENT=31;

--
-- AUTO_INCREMENT for table `users`
--
ALTER TABLE `users`
  MODIFY `id` bigint(20) UNSIGNED NOT NULL AUTO_INCREMENT, AUTO_INCREMENT=3;

--
-- Constraints for dumped tables
--

--
-- Constraints for table `categories`
--
ALTER TABLE `categories`
  ADD CONSTRAINT `categories_parent_id_foreign` FOREIGN KEY (`parent_id`) REFERENCES `categories` (`id`) ON DELETE SET NULL ON UPDATE CASCADE;

--
-- Constraints for table `data_rows`
--
ALTER TABLE `data_rows`
  ADD CONSTRAINT `data_rows_data_type_id_foreign` FOREIGN KEY (`data_type_id`) REFERENCES `data_types` (`id`) ON DELETE CASCADE ON UPDATE CASCADE;

--
-- Constraints for table `menu_items`
--
ALTER TABLE `menu_items`
  ADD CONSTRAINT `menu_items_menu_id_foreign` FOREIGN KEY (`menu_id`) REFERENCES `menus` (`id`) ON DELETE CASCADE;

--
-- Constraints for table `permission_role`
--
ALTER TABLE `permission_role`
  ADD CONSTRAINT `permission_role_permission_id_foreign` FOREIGN KEY (`permission_id`) REFERENCES `permissions` (`id`) ON DELETE CASCADE,
  ADD CONSTRAINT `permission_role_role_id_foreign` FOREIGN KEY (`role_id`) REFERENCES `roles` (`id`) ON DELETE CASCADE;

--
-- Constraints for table `users`
--
ALTER TABLE `users`
  ADD CONSTRAINT `users_role_id_foreign` FOREIGN KEY (`role_id`) REFERENCES `roles` (`id`);

--
-- Constraints for table `user_roles`
--
ALTER TABLE `user_roles`
  ADD CONSTRAINT `user_roles_role_id_foreign` FOREIGN KEY (`role_id`) REFERENCES `roles` (`id`) ON DELETE CASCADE,
  ADD CONSTRAINT `user_roles_user_id_foreign` FOREIGN KEY (`user_id`) REFERENCES `users` (`id`) ON DELETE CASCADE;
COMMIT;

/*!40101 SET CHARACTER_SET_CLIENT=@OLD_CHARACTER_SET_CLIENT */;
/*!40101 SET CHARACTER_SET_RESULTS=@OLD_CHARACTER_SET_RESULTS */;
/*!40101 SET COLLATION_CONNECTION=@OLD_COLLATION_CONNECTION */;
